$ date -R
Mon, 04 May 2026 21:12:15 +0200
$ git checkout master
Switched to branch 'master'
$ git reset --hard stable
HEAD is now at 6d35786de281 Merge tag 'for-linus' of git://git.kernel.org/pub/scm/virt/kvm/kvm
Merging origin/master (6d35786de281 Merge tag 'for-linus' of git://git.kernel.org/pub/scm/virt/kvm/kvm)
$ git merge -m Merge branch 'master' of https://git.kernel.org/pub/scm/linux/kernel/git/torvalds/linux.git origin/master
Already up to date.
Merging ext4-fixes/fixes (981fcc5674e6 jbd2: fix deadlock in jbd2_journal_cancel_revoke())
$ git merge -m Merge branch 'fixes' of https://git.kernel.org/pub/scm/linux/kernel/git/tytso/ext4.git ext4-fixes/fixes
Already up to date.
Merging vfs-brauner-fixes/vfs.fixes (ac8777cc3622 Merge patch series "eventpoll: fix ep_remove() UAF and follow-up cleanup")
$ git merge -m Merge branch 'vfs.fixes' of https://git.kernel.org/pub/scm/linux/kernel/git/vfs/vfs.git vfs-brauner-fixes/vfs.fixes
Already up to date.
Merging fscrypt-current/for-current (254f49634ee1 Linux 7.1-rc1)
$ git merge -m Merge branch 'for-current' of https://git.kernel.org/pub/scm/fs/fscrypt/linux.git fscrypt-current/for-current
Already up to date.
Merging fsverity-current/for-current (254f49634ee1 Linux 7.1-rc1)
$ git merge -m Merge branch 'for-current' of https://git.kernel.org/pub/scm/fs/fsverity/linux.git fsverity-current/for-current
Already up to date.
Merging btrfs-fixes/next-fixes (fcc6790ed71c Merge branch 'misc-7.1' into next-fixes)
$ git merge -m Merge branch 'next-fixes' of https://git.kernel.org/pub/scm/linux/kernel/git/kdave/linux.git btrfs-fixes/next-fixes
Merge made by the 'ort' strategy.
Merging vfs-fixes/fixes (49c5d168a3a8 udf: fix nls leak on udf_fill_super() failure)
$ git merge -m Merge branch 'fixes' of https://git.kernel.org/pub/scm/linux/kernel/git/viro/vfs.git vfs-fixes/fixes
Auto-merging fs/udf/super.c
Merge made by the 'ort' strategy.
 fs/udf/super.c | 2 +-
 1 file changed, 1 insertion(+), 1 deletion(-)
Merging erofs-fixes/fixes (6e7188a8d725 erofs: fix managed cache race for unaligned extents)
$ git merge -m Merge branch 'fixes' of https://git.kernel.org/pub/scm/linux/kernel/git/xiang/erofs.git erofs-fixes/fixes
Merge made by the 'ort' strategy.
 fs/erofs/zdata.c | 15 ++++++++-------
 1 file changed, 8 insertions(+), 7 deletions(-)
Merging nfsd-fixes/nfsd-fixes (b0bf14546bce nfsd: fix GET_DIR_DELEGATION when VFS leases are disabled)
$ git merge -m Merge branch 'nfsd-fixes' of https://git.kernel.org/pub/scm/linux/kernel/git/cel/linux nfsd-fixes/nfsd-fixes
Merge made by the 'ort' strategy.
 fs/nfsd/nfs4proc.c | 4 ----
 1 file changed, 4 deletions(-)
Merging v9fs-fixes/fixes/next (028ef9c96e96 Linux 7.0)
$ git merge -m Merge branch 'fixes/next' of https://git.kernel.org/pub/scm/linux/kernel/git/ericvh/v9fs.git v9fs-fixes/fixes/next
Already up to date.
Merging overlayfs-fixes/ovl-fixes (1f6ee9be92f8 ovl: make fsync after metadata copy-up opt-in mount option)
$ git merge -m Merge branch 'ovl-fixes' of https://git.kernel.org/pub/scm/linux/kernel/git/overlayfs/vfs.git overlayfs-fixes/ovl-fixes
Already up to date.
Merging fscrypt/for-next (254f49634ee1 Linux 7.1-rc1)
$ git merge -m Merge branch 'for-next' of https://git.kernel.org/pub/scm/fs/fscrypt/linux.git fscrypt/for-next
Already up to date.
Merging btrfs/for-next (6bf684b88235 Merge branch 'for-next-next-v7.0-20260408' into for-next-20260408)
$ git merge -m Merge branch 'for-next' of https://git.kernel.org/pub/scm/linux/kernel/git/kdave/linux.git btrfs/for-next
Merge made by the 'ort' strategy.
Merging ceph/master (49a74f6a818f ceph: add ceph_has_realms_with_quotas() check to ceph_quota_update_statfs())
$ git merge -m Merge branch 'master' of https://github.com/ceph/ceph-client.git ceph/master
Merge made by the 'ort' strategy.
 fs/ceph/quota.c        | 37 +++++++++++++++++++++++++++----------
 fs/ceph/xattr.c        | 17 +++++++++++++++++
 net/ceph/auth_x.c      |  5 +++++
 net/ceph/crush/crush.c |  6 +-----
 net/ceph/osdmap.c      |  7 +++++--
 5 files changed, 55 insertions(+), 17 deletions(-)
Merging cifs/for-next (1ca1dbb33417 smb: client: validate dacloffset before building DACL pointers)
$ git merge -m Merge branch 'for-next' of git://git.samba.org/sfrench/cifs-2.6.git cifs/for-next
Merge made by the 'ort' strategy.
 fs/smb/client/cached_dir.c    |  8 ++++++++
 fs/smb/client/cifsacl.c       | 37 +++++++++++++++++++++++++++++++++----
 fs/smb/client/ioctl.c         |  2 +-
 fs/smb/client/smb2inode.c     |  3 +++
 fs/smb/client/smb2misc.c      |  3 ++-
 fs/smb/client/smb2pdu.c       | 23 ++++++++++++++++++-----
 fs/smb/client/smb2transport.c | 35 ++++++++++++++++++++++++++---------
 7 files changed, 91 insertions(+), 20 deletions(-)
Merging configfs/configfs-next (6363844fdbbb samples: configfs: Constify struct configfs_item_operations and configfs_group_operations)
$ git merge -m Merge branch 'configfs-next' of https://git.kernel.org/pub/scm/linux/kernel/git/a.hindborg/linux.git configfs/configfs-next
Already up to date.
Merging ecryptfs/next (eb5e768eaf7c ecryptfs: remove redundant variable found_auth_tok)
$ git merge -m Merge branch 'next' of https://git.kernel.org/pub/scm/linux/kernel/git/tyhicks/ecryptfs.git ecryptfs/next
Merge made by the 'ort' strategy.
 fs/ecryptfs/keystore.c | 16 +++++-----------
 1 file changed, 5 insertions(+), 11 deletions(-)
Merging dlm/next (2c3a0b730012 dlm: Avoid -Wflex-array-member-not-at-end warning)
$ git merge -m Merge branch 'next' of https://git.kernel.org/pub/scm/linux/kernel/git/teigland/linux-dlm.git dlm/next
Already up to date.
Merging erofs/dev (a5242d37c83a erofs: error out obviously illegal extents in advance)
$ git merge -m Merge branch 'dev' of https://git.kernel.org/pub/scm/linux/kernel/git/xiang/erofs.git erofs/dev
Already up to date.
Merging exfat/dev (ec5e84e1605d exfat: simplify exfat_lookup())
$ git merge -m Merge branch 'dev' of https://git.kernel.org/pub/scm/linux/kernel/git/linkinjeon/exfat.git exfat/dev
Merge made by the 'ort' strategy.
 fs/exfat/dir.c   |  4 +++-
 fs/exfat/namei.c | 56 +++++++++++++-------------------------------------------
 fs/exfat/nls.c   | 19 +++++++++++++------
 3 files changed, 29 insertions(+), 50 deletions(-)
Merging ext3/for_next (38b4aa1a24f0 Pull isofs doc fix.)
$ git merge -m Merge branch 'for_next' of https://git.kernel.org/pub/scm/linux/kernel/git/jack/linux-fs.git ext3/for_next
Merge made by the 'ort' strategy.
Merging ext4/dev (981fcc5674e6 jbd2: fix deadlock in jbd2_journal_cancel_revoke())
$ git merge -m Merge branch 'dev' of https://git.kernel.org/pub/scm/linux/kernel/git/tytso/ext4.git ext4/dev
Already up to date.
Merging f2fs/dev (5758375b0d32 f2fs: support to report fserror)
$ git merge -m Merge branch 'dev' of https://git.kernel.org/pub/scm/linux/kernel/git/jaegeuk/f2fs.git f2fs/dev
Merge made by the 'ort' strategy.
 Documentation/ABI/testing/sysfs-fs-f2fs |  3 +-
 Documentation/filesystems/f2fs.rst      | 50 +++++++++++++++++++++++++++++----
 fs/f2fs/checkpoint.c                    |  2 +-
 fs/f2fs/compress.c                      |  2 ++
 fs/f2fs/data.c                          |  9 ++++--
 fs/f2fs/dir.c                           |  2 ++
 fs/f2fs/f2fs.h                          |  3 ++
 fs/f2fs/file.c                          | 13 +++++++--
 fs/f2fs/inline.c                        |  3 ++
 fs/f2fs/inode.c                         | 24 ++++++++++++++--
 fs/f2fs/node.c                          |  8 ++++++
 fs/f2fs/recovery.c                      |  2 ++
 fs/f2fs/segment.c                       | 15 ++++++++++
 fs/f2fs/super.c                         | 33 ++++++++++++++++++++++
 fs/f2fs/sysfs.c                         |  2 ++
 fs/f2fs/verity.c                        |  2 ++
 fs/f2fs/xattr.c                         | 41 ++++++++++++++++++++++++++-
 fs/f2fs/xattr.h                         |  6 ++++
 18 files changed, 205 insertions(+), 15 deletions(-)
Merging fsverity/for-next (254f49634ee1 Linux 7.1-rc1)
$ git merge -m Merge branch 'for-next' of https://git.kernel.org/pub/scm/fs/fsverity/linux.git fsverity/for-next
Already up to date.
Merging fuse/for-next (a59c5242b280 fuse: drop redundant check in fuse_sync_bucket_alloc())
$ git merge -m Merge branch 'for-next' of https://git.kernel.org/pub/scm/linux/kernel/git/mszeredi/fuse.git fuse/for-next
Merge made by the 'ort' strategy.
 fs/fuse/Makefile      |    3 +-
 fs/fuse/args.h        |   65 +++
 fs/fuse/backing.c     |    1 +
 fs/fuse/control.c     |   16 +-
 fs/fuse/cuse.c        |   28 +-
 fs/fuse/dev.c         | 1253 ++++++++++++++++++-------------------------------
 fs/fuse/dev.h         |  110 +++++
 fs/fuse/dev_uring.c   |  143 +++---
 fs/fuse/dev_uring_i.h |   39 +-
 fs/fuse/dir.c         |   12 +-
 fs/fuse/file.c        |  146 +-----
 fs/fuse/fuse_dev_i.h  |  350 +++++++++++++-
 fs/fuse/fuse_i.h      |  860 +++++++++++----------------------
 fs/fuse/fuse_trace.h  |    4 +-
 fs/fuse/inode.c       |  263 +++--------
 fs/fuse/notify.c      |  434 +++++++++++++++++
 fs/fuse/poll.c        |  141 ++++++
 fs/fuse/req.c         |   99 ++++
 fs/fuse/req_timeout.c |  148 ++++++
 fs/fuse/sysctl.c      |    1 +
 fs/fuse/sysctl.h      |    9 +
 fs/fuse/virtio_fs.c   |   21 +-
 22 files changed, 2291 insertions(+), 1855 deletions(-)
 create mode 100644 fs/fuse/args.h
 create mode 100644 fs/fuse/dev.h
 create mode 100644 fs/fuse/notify.c
 create mode 100644 fs/fuse/poll.c
 create mode 100644 fs/fuse/req.c
 create mode 100644 fs/fuse/req_timeout.c
 create mode 100644 fs/fuse/sysctl.h
Merging gfs2/for-next (f9c9ec2c319f gfs2: fix use-after-free in gfs2_qd_dealloc)
$ git merge -m Merge branch 'for-next' of https://git.kernel.org/pub/scm/linux/kernel/git/gfs2/linux-gfs2.git gfs2/for-next
Merge made by the 'ort' strategy.
 fs/gfs2/quota.c | 36 ++++++++++++++++++++++++------------
 fs/gfs2/super.c |  1 +
 2 files changed, 25 insertions(+), 12 deletions(-)
Merging jfs/jfs-next (dad98c5b2a05 jfs: avoid -Wtautological-constant-out-of-range-compare warning again)
$ git merge -m Merge branch 'jfs-next' of https://github.com/kleikamp/linux-shaggy.git jfs/jfs-next
Already up to date.
Merging ksmbd/ksmbd-for-next (996454bc0da8 ksmbd: validate inherited ACE SID length)
$ git merge -m Merge branch 'ksmbd-for-next' of https://github.com/smfrench/smb3-kernel.git ksmbd/ksmbd-for-next
Auto-merging MAINTAINERS
Merge made by the 'ort' strategy.
 MAINTAINERS                                        |   1 +
 fs/smb/client/smbdirect.c                          |   3 +-
 fs/smb/client/smbdirect.h                          |   2 +-
 fs/smb/server/connection.c                         | 105 ++++++-
 fs/smb/server/connection.h                         |   6 +
 fs/smb/server/mgmt/share_config.c                  |  12 +-
 fs/smb/server/oplock.c                             |   7 +-
 fs/smb/server/server.c                             |  12 +
 fs/smb/server/smb2pdu.c                            |   6 +-
 fs/smb/server/smbacl.c                             |  66 +++-
 fs/smb/server/transport_rdma.c                     |   3 +-
 fs/smb/server/transport_rdma.h                     |   2 +-
 fs/smb/server/vfs_cache.c                          | 341 +++++++++++++++++----
 fs/smb/server/vfs_cache.h                          |   4 +-
 fs/smb/smbdirect/accept.c                          |   2 +-
 fs/smb/smbdirect/connect.c                         |   4 +-
 fs/smb/smbdirect/connection.c                      |  16 +-
 fs/smb/smbdirect/debug.c                           |   2 +-
 fs/smb/smbdirect/devices.c                         |   2 +-
 fs/smb/smbdirect/internal.h                        |   4 +-
 fs/smb/smbdirect/listen.c                          |   2 +-
 fs/smb/smbdirect/mr.c                              |  27 +-
 fs/smb/smbdirect/rw.c                              |   2 +-
 fs/smb/smbdirect/smbdirect.h                       |  52 ----
 fs/smb/smbdirect/socket.c                          |  20 +-
 .../public.h => include/linux/smbdirect.h          |  52 +++-
 26 files changed, 554 insertions(+), 201 deletions(-)
 delete mode 100644 fs/smb/smbdirect/smbdirect.h
 rename fs/smb/smbdirect/public.h => include/linux/smbdirect.h (76%)
Merging nfs/linux-next (7fd2df204f34 Linux 7.1-rc2)
$ git merge -m Merge branch 'linux-next' of git://git.linux-nfs.org/projects/trondmy/nfs-2.6.git nfs/linux-next
Already up to date.
Merging nfs-anna/linux-next (4529e0015432 NFS: Fix NFS KConfig typos)
$ git merge -m Merge branch 'linux-next' of git://git.linux-nfs.org/projects/anna/linux-nfs.git nfs-anna/linux-next
Already up to date.
Merging nfsd/nfsd-next (8ac8f70798fc NFSD: Update my maintainer email addresses)
$ git merge -m Merge branch 'nfsd-next' of https://git.kernel.org/pub/scm/linux/kernel/git/cel/linux nfsd/nfsd-next
Auto-merging MAINTAINERS
Merge made by the 'ort' strategy.
 Documentation/netlink/specs/nfsd.yaml         | 229 +++++++++
 Documentation/netlink/specs/sunrpc_cache.yaml | 149 ++++++
 MAINTAINERS                                   |   8 +-
 fs/nfs/dns_resolve.c                          |   2 +-
 fs/nfsd/export.c                              | 713 +++++++++++++++++++++++++-
 fs/nfsd/netlink.c                             |  93 ++++
 fs/nfsd/netlink.h                             |  18 +
 fs/nfsd/nfs4idmap.c                           |   4 +-
 fs/nfsd/nfs4state.c                           |   9 +-
 fs/nfsd/nfsctl.c                              |  79 +++
 fs/nfsd/nfsd.h                                |  17 +-
 include/linux/sunrpc/cache.h                  |  15 +-
 include/uapi/linux/nfsd_netlink.h             | 132 +++++
 include/uapi/linux/sunrpc_netlink.h           |  84 +++
 net/sunrpc/Makefile                           |   2 +-
 net/sunrpc/auth_gss/svcauth_gss.c             |   2 +-
 net/sunrpc/cache.c                            | 127 ++++-
 net/sunrpc/netlink.c                          |  97 ++++
 net/sunrpc/netlink.h                          |  35 ++
 net/sunrpc/sunrpc_syms.c                      |  10 +
 net/sunrpc/svc_xprt.c                         |  46 +-
 net/sunrpc/svcauth_unix.c                     | 516 ++++++++++++++++++-
 22 files changed, 2335 insertions(+), 52 deletions(-)
 create mode 100644 Documentation/netlink/specs/sunrpc_cache.yaml
 create mode 100644 include/uapi/linux/sunrpc_netlink.h
 create mode 100644 net/sunrpc/netlink.c
 create mode 100644 net/sunrpc/netlink.h
Merging ntfs/ntfs-next (ff20649206e6 ntfs: match ntfs_resident_attr_min_value_length with $AttrDef)
$ git merge -m Merge branch 'ntfs-next' of https://git.kernel.org/pub/scm/linux/kernel/git/linkinjeon/ntfs.git ntfs/ntfs-next
Merge made by the 'ort' strategy.
 fs/ntfs/attrib.c   | 21 ++++-----------
 fs/ntfs/attrlist.c |  7 +++--
 fs/ntfs/bdev-io.c  |  7 +++--
 fs/ntfs/inode.c    |  6 ++---
 fs/ntfs/mft.c      | 78 ++++++++++++++++++++++++++++++++++++------------------
 5 files changed, 68 insertions(+), 51 deletions(-)
Merging ntfs3/master (f1df9d771df4 ntfs3: validate split-point offset in indx_insert_into_buffer)
$ git merge -m Merge branch 'master' of https://github.com/Paragon-Software-Group/linux-ntfs3.git ntfs3/master
Merge made by the 'ort' strategy.
 fs/ntfs3/index.c | 45 ++++++++++++++++++++++++++++++++++++++++++---
 fs/ntfs3/lznt.c  |  2 +-
 2 files changed, 43 insertions(+), 4 deletions(-)
Merging orangefs/for-next (e61bc5e4d874    bufmap: manage as folios, V2.)
$ git merge -m Merge branch 'for-next' of https://git.kernel.org/pub/scm/linux/kernel/git/hubcap/linux.git orangefs/for-next
Already up to date.
Merging overlayfs/overlayfs-next (1f6ee9be92f8 ovl: make fsync after metadata copy-up opt-in mount option)
$ git merge -m Merge branch 'overlayfs-next' of https://git.kernel.org/pub/scm/linux/kernel/git/overlayfs/vfs.git overlayfs/overlayfs-next
Already up to date.
Merging ubifs/next (11efa98bcc0d ubi: ubi.h: fix kernel-doc warnings)
$ git merge -m Merge branch 'next' of https://git.kernel.org/pub/scm/linux/kernel/git/rw/ubifs.git ubifs/next
Auto-merging drivers/mtd/ubi/ubi.h
Merge made by the 'ort' strategy.
 drivers/mtd/ubi/ubi.h | 9 ++++++---
 1 file changed, 6 insertions(+), 3 deletions(-)
Merging v9fs/9p-next (8fc518e489c1 9p/trans_xen: replace simple_strto* with kstrtouint)
$ git merge -m Merge branch '9p-next' of https://github.com/martinetd/linux v9fs/9p-next
Already up to date.
Merging v9fs-ericvh/ericvh/for-next (028ef9c96e96 Linux 7.0)
$ git merge -m Merge branch 'ericvh/for-next' of https://git.kernel.org/pub/scm/linux/kernel/git/ericvh/v9fs.git v9fs-ericvh/ericvh/for-next
Already up to date.
Merging xfs/for-next (87e63466c9fc xfs: flush delalloc blocks on ENOSPC in xfs_trans_alloc_icreate)
$ git merge -m Merge branch 'for-next' of https://git.kernel.org/pub/scm/fs/xfs/xfs-linux.git xfs/for-next
Merge made by the 'ort' strategy.
 fs/xfs/libxfs/xfs_dir2_data.c | 18 +++++++++++-------
 fs/xfs/libxfs/xfs_refcount.c  |  3 +--
 fs/xfs/scrub/common.c         | 11 +++++++++++
 fs/xfs/scrub/common.h         |  2 ++
 fs/xfs/scrub/dabtree.c        |  7 ++++++-
 fs/xfs/scrub/dir.c            |  7 ++++++-
 fs/xfs/xfs_inode.c            |  6 ------
 fs/xfs/xfs_trans.c            | 11 +++++++++++
 fs/xfs/xfs_zone_alloc.c       |  2 +-
 fs/xfs/xfs_zone_gc.c          |  2 +-
 10 files changed, 50 insertions(+), 19 deletions(-)
Merging zonefs/for-next (a42938e80357 zonefs: correct some spelling mistakes)
$ git merge -m Merge branch 'for-next' of https://git.kernel.org/pub/scm/linux/kernel/git/dlemoal/zonefs.git zonefs/for-next
Already up to date.
Merging vfs-brauner/vfs.all (8ee708daac8a Merge branch 'kernel-7.1.misc' into vfs.all)
  66f2b15e0c07 ("fs: aio: set VMA_DONTCOPY_BIT in mmap to fix NULL-pointer-dereference error")
  af423cdba49c ("writeback: Fix use after free in inode_switch_wbs_work_fn()")
$ git merge -m Merge branch 'vfs.all' of https://git.kernel.org/pub/scm/linux/kernel/git/vfs/vfs.git vfs-brauner/vfs.all
Auto-merging fs/aio.c
Auto-merging fs/fs-writeback.c
Auto-merging fs/netfs/buffered_write.c
Auto-merging include/uapi/linux/sched.h
Auto-merging kernel/fork.c
CONFLICT (content): Merge conflict in kernel/fork.c
Auto-merging kernel/nsproxy.c
CONFLICT (content): Merge conflict in kernel/nsproxy.c
Resolved 'kernel/fork.c' using previous resolution.
Resolved 'kernel/nsproxy.c' using previous resolution.
Automatic merge failed; fix conflicts and then commit the result.
$ git commit --no-edit -v -a
[fs-next e3c186dd301a] Merge branch 'vfs.all' of https://git.kernel.org/pub/scm/linux/kernel/git/vfs/vfs.git
$ git diff -M --stat --summary HEAD^..
 fs/netfs/buffered_read.c     |  9 +++++---
 fs/netfs/buffered_write.c    | 51 ++++++++++++++++++++++++++++----------------
 fs/netfs/iterator.c          | 13 ++++++++---
 fs/netfs/misc.c              |  8 +++++--
 fs/netfs/read_retry.c        | 11 ++++++++--
 include/trace/events/netfs.h |  5 +++++
 kernel/nsproxy.c             |  2 +-
 7 files changed, 70 insertions(+), 29 deletions(-)
Merging vfs/for-next (e82ff9b6cb76 Merge branches 'work.coda' and 'work.dcache-busy-wait' into for-next)
$ git merge -m Merge branch 'for-next' of https://git.kernel.org/pub/scm/linux/kernel/git/viro/vfs.git vfs/for-next
Merge made by the 'ort' strategy.
Merging mm-hotfixes/mm-hotfixes-unstable (afb77f0112bf mm/migrate_device: fix pgtable leak in migrate_vma_insert_huge_pmd_page)
  fe15b4bc6217 ("sh: fix fallout from ZERO_PAGE consolidation")
$ git merge -m Merge branch 'mm-hotfixes-unstable' of https://git.kernel.org/pub/scm/linux/kernel/git/akpm/mm mm-hotfixes/mm-hotfixes-unstable
Auto-merging MAINTAINERS
Auto-merging mm/page_alloc.c
Merge made by the 'ort' strategy.
 MAINTAINERS                               |  3 ++
 arch/arm64/include/asm/page.h             |  2 +-
 arch/arm64/mm/fault.c                     | 11 ++++---
 drivers/base/memory.c                     |  8 +++--
 drivers/dax/bus.c                         |  7 ++---
 include/linux/gfp_types.h                 | 10 +++----
 include/linux/highmem.h                   |  7 +++--
 include/trace/events/damon.h              |  2 +-
 ipc/shm.c                                 | 10 ++++---
 lib/tests/kunit_iov_iter.c                | 10 +++----
 mm/damon/sysfs-schemes.c                  |  1 +
 mm/hugetlb.c                              |  1 +
 mm/memory.c                               | 24 ++++++++++++---
 mm/memory_hotplug.c                       |  2 ++
 mm/migrate_device.c                       |  6 ++--
 mm/page_alloc.c                           |  8 ++---
 scripts/gdb/linux/mm.py                   |  6 ++--
 scripts/gdb/linux/slab.py                 |  4 +--
 tools/testing/selftests/mm/hmm-tests.c    | 50 +++++++++++++++++++++++++++++++
 tools/testing/selftests/mm/run_vmtests.sh |  2 +-
 20 files changed, 129 insertions(+), 45 deletions(-)
Merging fs-current (59f554728566 Merge branch 'nfsd-fixes' of https://git.kernel.org/pub/scm/linux/kernel/git/cel/linux)
$ git merge -m Merge branch 'fs-current' of linux-next fs-current
Merge made by the 'ort' strategy.
 fs/erofs/zdata.c   | 15 ++++++++-------
 fs/nfsd/nfs4proc.c |  4 ----
 fs/udf/super.c     |  2 +-
 3 files changed, 9 insertions(+), 12 deletions(-)
Merging kbuild-current/kbuild-fixes-for-next (75f7c47ccd78 kbuild: Never respect CONFIG_WERROR / W=e to fixdep)
$ git merge -m Merge branch 'kbuild-fixes-for-next' of https://git.kernel.org/pub/scm/linux/kernel/git/kbuild/linux.git kbuild-current/kbuild-fixes-for-next
Already up to date.
Merging clang-fixes/clang-fixes-for-next (4f96b7c68a99 extract-cert: Wrap key_pass with '#ifdef USE_PKCS11_ENGINE')
$ git merge -m Merge branch 'clang-fixes-for-next' of https://git.kernel.org/pub/scm/linux/kernel/git/nathan/linux.git clang-fixes/clang-fixes-for-next
Already up to date.
Merging arc-current/for-curr (7aaa8047eafd Linux 7.0-rc6)
$ git merge -m Merge branch 'for-curr' of https://git.kernel.org/pub/scm/linux/kernel/git/vgupta/arc.git arc-current/for-curr
Already up to date.
Merging arm-current/fixes (75f9a484e817 ARM: 9472/1: fix race condition on PG_dcache_clean in __sync_icache_dcache())
$ git merge -m Merge branch 'fixes' of https://git.kernel.org/pub/scm/linux/kernel/git/rmk/linux.git arm-current/fixes
Already up to date.
Merging arm64-fixes/for-next/fixes (030e8a40fff6 arm64: signal: Preserve POR_EL0 if poe_context is missing)
$ git merge -m Merge branch 'for-next/fixes' of https://git.kernel.org/pub/scm/linux/kernel/git/arm64/linux arm64-fixes/for-next/fixes
Already up to date.
Merging arm-soc-fixes/arm/fixes (3e2444044d16 Merge tag 'mvebu-fixes-7.0-1' of https://git.kernel.org/pub/scm/linux/kernel/git/gclement/mvebu into arm/fixes)
$ git merge -m Merge branch 'arm/fixes' of https://git.kernel.org/pub/scm/linux/kernel/git/soc/soc.git arm-soc-fixes/arm/fixes
Already up to date.
Merging davinci-current/davinci/for-current (254f49634ee1 Linux 7.1-rc1)
$ git merge -m Merge branch 'davinci/for-current' of https://git.kernel.org/pub/scm/linux/kernel/git/brgl/linux.git davinci-current/davinci/for-current
Already up to date.
Merging drivers-memory-fixes/fixes (254f49634ee1 Linux 7.1-rc1)
$ git merge -m Merge branch 'fixes' of https://git.kernel.org/pub/scm/linux/kernel/git/krzk/linux-mem-ctrl.git drivers-memory-fixes/fixes
Already up to date.
Merging sophgo-fixes/fixes (19272b37aa4f Linux 6.16-rc1)
$ git merge -m Merge branch 'fixes' of https://github.com/sophgo/linux.git sophgo-fixes/fixes
Already up to date.
Merging sophgo-soc-fixes/soc-fixes (0af2f6be1b42 Linux 6.15-rc1)
$ git merge -m Merge branch 'soc-fixes' of https://github.com/sophgo/linux.git sophgo-soc-fixes/soc-fixes
Already up to date.
Merging m68k-current/for-linus (cb39cf99d88e m68k: sun3: Replace vsprintf() with bounded vsnprintf())
$ git merge -m Merge branch 'for-linus' of https://git.kernel.org/pub/scm/linux/kernel/git/geert/linux-m68k.git m68k-current/for-linus
Already up to date.
Merging powerpc-fixes/fixes (7fd2df204f34 Linux 7.1-rc2)
$ git merge -m Merge branch 'fixes' of https://git.kernel.org/pub/scm/linux/kernel/git/powerpc/linux.git powerpc-fixes/fixes
Already up to date.
Merging s390-fixes/fixes (3fe7ecab1a08 s390/pai: Disable duplicate read of kernel PAI counter value)
$ git merge -m Merge branch 'fixes' of https://git.kernel.org/pub/scm/linux/kernel/git/s390/linux.git s390-fixes/fixes
Merge made by the 'ort' strategy.
 arch/s390/kernel/perf_pai.c | 2 +-
 1 file changed, 1 insertion(+), 1 deletion(-)
Merging net/main (bd3a4795d574 selftests: tls: add test for data loss on small pipe)
$ git merge -m Merge branch 'main' of https://git.kernel.org/pub/scm/linux/kernel/git/netdev/net.git net/main
Auto-merging MAINTAINERS
Merge made by the 'ort' strategy.
 MAINTAINERS                                        |   6 +
 drivers/net/ethernet/airoha/airoha_eth.c           |   6 +-
 drivers/net/ethernet/amd/xgbe/xgbe.h               |   4 +-
 drivers/net/ethernet/freescale/enetc/enetc.h       |   1 +
 drivers/net/ethernet/freescale/enetc/enetc_vf.c    |  42 ++-
 .../ethernet/marvell/octeontx2/af/cn20k/debugfs.c  |  33 +-
 .../net/ethernet/marvell/octeontx2/af/cn20k/npc.c  | 384 ++++++++++++++-------
 .../net/ethernet/marvell/octeontx2/af/cn20k/npc.h  |  24 +-
 .../net/ethernet/marvell/octeontx2/af/rvu_nix.c    |   3 +
 .../net/ethernet/marvell/octeontx2/af/rvu_npc.c    | 231 +++++++++++--
 .../net/ethernet/marvell/octeontx2/af/rvu_npc_fs.c |  30 +-
 drivers/net/ethernet/wangxun/libwx/wx_hw.c         |   7 +-
 drivers/net/ethernet/wangxun/libwx/wx_vf_common.c  |   4 +-
 drivers/net/phy/micrel.c                           |  15 +-
 drivers/net/usb/cdc_ncm.c                          |   8 +
 drivers/net/usb/r8152.c                            |   1 +
 drivers/net/wan/fsl_ucc_hdlc.c                     |   9 +-
 include/linux/netfilter/x_tables.h                 |   8 +
 include/net/dropreason-core.h                      |   6 +
 include/net/ipv6.h                                 |   3 +
 include/net/netfilter/nf_dup_netdev.h              |  13 +
 include/net/netfilter/nf_flow_table.h              |   4 +-
 net/core/rtnetlink.c                               |   1 +
 net/ipv4/igmp.c                                    |  58 ++--
 net/ipv4/ipmr.c                                    |   7 +-
 net/ipv4/netfilter/nf_socket_ipv4.c                |   3 +
 net/ipv6/exthdrs_core.c                            |   7 +
 net/ipv6/ip6_gre.c                                 |   5 +-
 net/ipv6/ip6_input.c                               |   5 +
 net/ipv6/ip6_tunnel.c                              |   4 +
 net/ipv6/netfilter/nf_socket_ipv6.c                |   5 +-
 net/ipv6/route.c                                   |   1 +
 net/mctp/test/route-test.c                         |   2 +-
 net/mctp/test/utils.c                              |   2 +-
 net/netfilter/nf_dup_netdev.c                      |  16 -
 net/netfilter/nf_flow_table_core.c                 |   1 +
 net/netfilter/nf_flow_table_ip.c                   | 151 ++++++--
 net/netfilter/nf_flow_table_path.c                 |   7 +-
 net/netfilter/nf_tables_api.c                      |  35 +-
 net/netfilter/nf_tables_core.c                     |   2 +-
 net/netfilter/nft_compat.c                         |  45 ++-
 net/netfilter/nft_exthdr.c                         |   2 +-
 net/netfilter/nft_fwd_netdev.c                     |  29 +-
 net/netfilter/nft_osf.c                            |   2 +-
 net/netfilter/nft_tproxy.c                         |   8 +-
 net/netfilter/x_tables.c                           |  79 ++++-
 net/netfilter/xt_CT.c                              |   8 +-
 net/netfilter/xt_TCPMSS.c                          |  33 +-
 net/netfilter/xt_TPROXY.c                          |  11 +-
 net/netfilter/xt_addrtype.c                        |  25 +-
 net/netfilter/xt_devgroup.c                        |  18 +-
 net/netfilter/xt_ecn.c                             |   4 +
 net/netfilter/xt_hashlimit.c                       |   4 +-
 net/netfilter/xt_osf.c                             |   3 +
 net/netfilter/xt_physdev.c                         |  24 +-
 net/netfilter/xt_policy.c                          |  24 +-
 net/netfilter/xt_set.c                             |  39 ++-
 net/netfilter/xt_tcpmss.c                          |   4 +
 net/sched/sch_cake.c                               | 153 ++++----
 net/sched/sch_pie.c                                |  14 +-
 net/sched/sch_red.c                                |   2 +-
 net/sched/sch_sfb.c                                |   2 +-
 net/tls/tls_sw.c                                   |   6 +-
 tools/testing/selftests/net/Makefile               |   1 +
 tools/testing/selftests/net/tcp_ecmp_failover.sh   | 216 ++++++++++++
 tools/testing/selftests/net/tls.c                  |  43 +++
 .../tc-testing/tc-tests/infra/qdiscs.json          | 148 ++++++++
 67 files changed, 1594 insertions(+), 507 deletions(-)
 create mode 100755 tools/testing/selftests/net/tcp_ecmp_failover.sh
Merging bpf/master (0c7ae130698e tools/headers: Regenerate stddef.h to fix BPF selftests)
$ git merge -m Merge branch 'master' of https://git.kernel.org/pub/scm/linux/kernel/git/bpf/bpf.git/ bpf/master
Auto-merging net/core/filter.c
Merge made by the 'ort' strategy.
 include/linux/bpf.h                                |  1 +
 net/core/bpf_sk_storage.c                          | 14 ++++----
 net/core/filter.c                                  | 32 ++++++++++++++++++
 net/core/sock_map.c                                | 39 ++++++++++++++--------
 net/ipv4/bpf_tcp_ca.c                              |  2 +-
 tools/include/uapi/linux/stddef.h                  | 26 ++++++++++++++-
 .../testing/selftests/bpf/prog_tests/bpf_tcp_ca.c  |  4 +++
 .../selftests/bpf/prog_tests/tcp_hdr_options.c     |  4 +++
 tools/testing/selftests/bpf/progs/bpf_cubic.c      | 14 ++++++++
 .../bpf/progs/test_misc_tcp_hdr_options.c          | 15 ++++++++-
 10 files changed, 128 insertions(+), 23 deletions(-)
Merging ipsec/master (14acf9652e56 xfrm: defensively unhash xfrm_state lists in __xfrm_state_delete)
$ git merge -m Merge branch 'master' of https://git.kernel.org/pub/scm/linux/kernel/git/klassert/ipsec.git ipsec/master
Merge made by the 'ort' strategy.
 net/ipv4/ah4.c                                     |  14 +-
 net/ipv6/ah6.c                                     |  14 +-
 net/ipv6/xfrm6_protocol.c                          |   4 +-
 net/xfrm/xfrm_output.c                             |  20 +-
 net/xfrm/xfrm_state.c                              |  12 +-
 net/xfrm/xfrm_user.c                               |   1 +
 tools/testing/selftests/drivers/net/hw/Makefile    |   1 +
 tools/testing/selftests/drivers/net/hw/config      |   5 +
 .../selftests/drivers/net/hw/ipsec_vxlan.py        | 204 +++++++++++++++++++++
 tools/testing/selftests/drivers/net/lib/py/load.py |   5 +-
 10 files changed, 262 insertions(+), 18 deletions(-)
 create mode 100755 tools/testing/selftests/drivers/net/hw/ipsec_vxlan.py
Merging netfilter/main (bd3a4795d574 selftests: tls: add test for data loss on small pipe)
$ git merge -m Merge branch 'main' of https://git.kernel.org/pub/scm/linux/kernel/git/netfilter/nf.git netfilter/main
Already up to date.
Merging ipvs/main (ebb639024ebd Merge branch 'ipv6-fix-ecmp-route-failover-on-carrier-loss')
$ git merge -m Merge branch 'main' of https://git.kernel.org/pub/scm/linux/kernel/git/horms/ipvs.git ipvs/main
Already up to date.
Merging wireless/for-next (65493f27a600 wifi: cw1200: Revert "Fix locking in error paths")
$ git merge -m Merge branch 'for-next' of https://git.kernel.org/pub/scm/linux/kernel/git/wireless/wireless.git wireless/for-next
Merge made by the 'ort' strategy.
 drivers/net/wireless/ath/ath10k/Kconfig            |  1 +
 drivers/net/wireless/ath/ath12k/core.c             | 77 ++++++++++++++--------
 drivers/net/wireless/ath/ath12k/dp_rx.c            |  3 +
 drivers/net/wireless/ath/ath12k/mac.c              |  2 +-
 drivers/net/wireless/ath/ath12k/p2p.c              |  2 +-
 drivers/net/wireless/broadcom/b43/xmit.c           |  3 +-
 drivers/net/wireless/broadcom/b43legacy/xmit.c     |  3 +-
 .../wireless/broadcom/brcm80211/brcmfmac/sdio.c    |  6 +-
 drivers/net/wireless/marvell/libertas/if_usb.c     |  5 +-
 drivers/net/wireless/rsi/rsi_common.h              |  5 +-
 drivers/net/wireless/st/cw1200/pm.c                |  2 -
 net/mac80211/mlme.c                                |  9 +++
 net/mac80211/rx.c                                  |  6 +-
 net/mac80211/tests/chan-mode.c                     |  1 +
 net/wireless/nl80211.c                             |  2 +
 15 files changed, 83 insertions(+), 44 deletions(-)
Merging ath/for-current (d748603f12ba wifi: ath5k: do not access array OOB)
$ git merge -m Merge branch 'for-current' of https://git.kernel.org/pub/scm/linux/kernel/git/ath/ath.git ath/for-current
Merge made by the 'ort' strategy.
 drivers/net/wireless/ath/ath12k/dp_rx.c |   2 +-
 drivers/net/wireless/ath/ath12k/wmi.c   | 105 +++++++++++++++++++++++++++-----
 drivers/net/wireless/ath/ath5k/base.c   |   3 +-
 3 files changed, 92 insertions(+), 18 deletions(-)
Merging iwlwifi/fixes (687a95d204e7 wifi: iwlwifi: mld: correctly set wifi generation data)
$ git merge -m Merge branch 'fixes' of https://git.kernel.org/pub/scm/linux/kernel/git/iwlwifi/iwlwifi-next.git iwlwifi/fixes
Already up to date.
Merging wpan/master (8ce4f287524c net: libwx: fix firmware mailbox abnormal return)
$ git merge -m Merge branch 'master' of https://git.kernel.org/pub/scm/linux/kernel/git/wpan/wpan.git wpan/master
Already up to date.
Merging rdma-fixes/for-rc (0c99acbc8b6c RDMA/hns: Fix unlocked call to hns_roce_qp_remove())
$ git merge -m Merge branch 'for-rc' of https://git.kernel.org/pub/scm/linux/kernel/git/rdma/rdma.git rdma-fixes/for-rc
Merge made by the 'ort' strategy.
 drivers/infiniband/core/addr.c                  |  2 +-
 drivers/infiniband/core/uverbs_cmd.c            |  9 +++++++--
 drivers/infiniband/hw/hfi1/pio.c                |  5 ++++-
 drivers/infiniband/hw/hfi1/sdma.c               |  4 +++-
 drivers/infiniband/hw/hns/hns_roce_qp.c         | 13 ++++++++++---
 drivers/infiniband/hw/hns/hns_roce_srq.c        | 12 ++++++------
 drivers/infiniband/hw/ionic/ionic_ibdev.c       |  2 +-
 drivers/infiniband/hw/mana/cq.c                 |  5 +++--
 drivers/infiniband/hw/mana/qp.c                 | 16 ++++++++++------
 drivers/infiniband/hw/mlx4/srq.c                |  4 +++-
 drivers/infiniband/hw/mlx5/main.c               |  9 +++++----
 drivers/infiniband/hw/mlx5/qp.c                 |  7 ++++++-
 drivers/infiniband/hw/mlx5/qpc.c                |  9 ++++++++-
 drivers/infiniband/hw/mlx5/srq_cmd.c            |  9 ++++++++-
 drivers/infiniband/hw/mlx5/umr.c                |  4 ++--
 drivers/infiniband/hw/ocrdma/ocrdma_verbs.c     |  8 ++++----
 drivers/infiniband/hw/vmw_pvrdma/pvrdma_verbs.c |  2 +-
 drivers/infiniband/sw/rxe/rxe_recv.c            | 11 +++++++++++
 drivers/infiniband/sw/rxe/rxe_resp.c            | 14 +++++++++++++-
 drivers/net/ethernet/mellanox/mlx4/srq.c        | 13 +++++++------
 20 files changed, 113 insertions(+), 45 deletions(-)
Merging sound-current/for-linus (320e55722ca4 ALSA: usb-audio: add clock quirk for Motu 1248)
$ git merge -m Merge branch 'for-linus' of https://git.kernel.org/pub/scm/linux/kernel/git/tiwai/sound.git sound-current/for-linus
Merge made by the 'ort' strategy.
 sound/drivers/pcmtest.c              |  6 +++---
 sound/firewire/tascam/tascam-hwdep.c |  1 +
 sound/hda/codecs/realtek/alc269.c    | 32 +++++++++++++++++++++++++++++++-
 sound/usb/clock.c                    | 15 +++++++++++----
 sound/usb/midi2.c                    |  9 +++++----
 sound/usb/quirks.c                   |  7 +++++++
 6 files changed, 58 insertions(+), 12 deletions(-)
Merging sound-asoc-fixes/for-linus (03dcb5b68a96 ASoC: spacemit: adjust FIFO trigger threshold to half FIFO size)
$ git merge -m Merge branch 'for-linus' of https://git.kernel.org/pub/scm/linux/kernel/git/broonie/sound.git sound-asoc-fixes/for-linus
Already up to date.
Merging regmap-fixes/for-linus (4b7774eeab8d regmap: sdw-mbq: Fix spelling mistake "undeferable" -> "undeferrable")
$ git merge -m Merge branch 'for-linus' of https://git.kernel.org/pub/scm/linux/kernel/git/broonie/regmap.git regmap-fixes/for-linus
Already up to date.
Merging regulator-fixes/for-linus (7dfc00630220 regulator: rpi-panel-attiny: add back GPIOLIB dependency)
$ git merge -m Merge branch 'for-linus' of https://git.kernel.org/pub/scm/linux/kernel/git/broonie/regulator.git regulator-fixes/for-linus
Already up to date.
Merging spi-fixes/for-linus (8d0189c1ea98 spi: amlogic-spisg: initialize completion before requesting IRQ)
$ git merge -m Merge branch 'for-linus' of https://git.kernel.org/pub/scm/linux/kernel/git/broonie/spi.git spi-fixes/for-linus
Already up to date.
Merging pci-current/for-linus (25869ed1fed3 PCI: brcmstb: Assign pcie->gen from pcie_get_link_speed())
$ git merge -m Merge branch 'for-linus' of https://git.kernel.org/pub/scm/linux/kernel/git/pci/pci.git pci-current/for-linus
Auto-merging MAINTAINERS
Merge made by the 'ort' strategy.
 MAINTAINERS                           | 2 +-
 drivers/pci/controller/pcie-brcmstb.c | 3 +--
 drivers/pci/pci.c                     | 9 ++++-----
 drivers/pci/setup-res.c               | 2 ++
 4 files changed, 8 insertions(+), 8 deletions(-)
Merging driver-core.current/driver-core-linus (254f49634ee1 Linux 7.1-rc1)
$ git merge -m Merge branch 'driver-core-linus' of https://git.kernel.org/pub/scm/linux/kernel/git/driver-core/driver-core.git driver-core.current/driver-core-linus
Already up to date.
Merging tty.current/tty-linus (254f49634ee1 Linux 7.1-rc1)
$ git merge -m Merge branch 'tty-linus' of https://git.kernel.org/pub/scm/linux/kernel/git/gregkh/tty.git tty.current/tty-linus
Already up to date.
Merging usb.current/usb-linus (b38e53cbfb9d usb: usblp: fix uninitialized heap leak via LPGETSTATUS ioctl)
$ git merge -m Merge branch 'usb-linus' of https://git.kernel.org/pub/scm/linux/kernel/git/gregkh/usb.git usb.current/usb-linus
Merge made by the 'ort' strategy.
 drivers/usb/class/usblp.c         |  3 ++-
 drivers/usb/common/ulpi.c         |  5 ++++-
 drivers/usb/dwc3/core.c           | 12 ++++++------
 drivers/usb/gadget/udc/omap_udc.c |  4 ----
 drivers/usb/typec/tcpm/tcpm.c     | 27 ++++++++++++++++++---------
 5 files changed, 30 insertions(+), 21 deletions(-)
Merging usb-serial-fixes/usb-linus (100201d349ed USB: serial: option: add Telit Cinterion LE910Cx compositions)
$ git merge -m Merge branch 'usb-linus' of https://git.kernel.org/pub/scm/linux/kernel/git/johan/usb-serial.git usb-serial-fixes/usb-linus
Merge made by the 'ort' strategy.
 drivers/usb/serial/option.c | 4 ++++
 1 file changed, 4 insertions(+)
Merging phy/fixes (519a228ee40d phy: qcom: edp: Add PHY-specific LDO config for eDP low vdiff)
$ git merge -m Merge branch 'fixes' of https://git.kernel.org/pub/scm/linux/kernel/git/phy/linux-phy.git phy/fixes
Merge made by the 'ort' strategy.
 drivers/phy/qualcomm/phy-qcom-edp.c | 224 +++++++++++++++++++++++++++++-------
 1 file changed, 181 insertions(+), 43 deletions(-)
Merging staging.current/staging-linus (bc851db06045 staging: rtl8723bs: os_dep: avoid NULL pointer dereference in rtw_cbuf_alloc)
$ git merge -m Merge branch 'staging-linus' of https://git.kernel.org/pub/scm/linux/kernel/git/gregkh/staging.git staging.current/staging-linus
Merge made by the 'ort' strategy.
 drivers/staging/rtl8723bs/os_dep/osdep_service.c | 3 ++-
 drivers/staging/vme_user/vme_fake.c              | 2 ++
 2 files changed, 4 insertions(+), 1 deletion(-)
Merging iio-fixes/fixes-togreg (208afbaf9b0e iio: ssp_sensors: cancel delayed work_refresh on remove)
$ git merge -m Merge branch 'fixes-togreg' of https://git.kernel.org/pub/scm/linux/kernel/git/jic23/iio.git iio-fixes/fixes-togreg
Merge made by the 'ort' strategy.
 drivers/iio/adc/ad4695.c                       | 23 ++++++++---------------
 drivers/iio/adc/ad_sigma_delta.c               |  2 +-
 drivers/iio/adc/meson_saradc.c                 |  4 +++-
 drivers/iio/adc/mt6359-auxadc.c                |  1 +
 drivers/iio/adc/npcm_adc.c                     | 25 ++++++++-----------------
 drivers/iio/adc/nxp-sar-adc.c                  | 24 ++++++++++++++++++++----
 drivers/iio/adc/qcom-spmi-adc5-gen3.c          |  2 +-
 drivers/iio/adc/xilinx-xadc-core.c             | 11 +++++++++--
 drivers/iio/chemical/mhz19b.c                  | 17 +++++++++++++++++
 drivers/iio/chemical/scd30_core.c              |  2 +-
 drivers/iio/common/ssp_sensors/ssp_dev.c       |  1 +
 drivers/iio/dac/max5821.c                      |  9 ++++++++-
 drivers/iio/gyro/adis16260.c                   |  3 +++
 drivers/iio/imu/adis16550.c                    |  2 +-
 drivers/iio/imu/st_lsm6dsx/st_lsm6dsx_buffer.c |  2 +-
 drivers/iio/industrialio-buffer.c              |  1 +
 drivers/iio/inkern.c                           |  6 +++++-
 drivers/iio/light/cm3323.c                     |  5 ++---
 drivers/iio/light/veml6070.c                   | 14 ++------------
 drivers/iio/magnetometer/st_magn_core.c        | 13 +++++++++++--
 drivers/iio/pressure/bmp280-core.c             |  2 +-
 21 files changed, 105 insertions(+), 64 deletions(-)
Merging counter-current/counter-current (254f49634ee1 Linux 7.1-rc1)
$ git merge -m Merge branch 'counter-current' of https://git.kernel.org/pub/scm/linux/kernel/git/wbg/counter.git counter-current/counter-current
Already up to date.
Merging char-misc.current/char-misc-linus (7fd2df204f34 Linux 7.1-rc2)
$ git merge -m Merge branch 'char-misc-linus' of https://git.kernel.org/pub/scm/linux/kernel/git/gregkh/char-misc.git char-misc.current/char-misc-linus
Already up to date.
Merging soundwire-fixes/fixes (254f49634ee1 Linux 7.1-rc1)
$ git merge -m Merge branch 'fixes' of https://git.kernel.org/pub/scm/linux/kernel/git/vkoul/soundwire.git soundwire-fixes/fixes
Already up to date.
Merging thunderbolt-fixes/fixes (7fd2df204f34 Linux 7.1-rc2)
$ git merge -m Merge branch 'fixes' of https://git.kernel.org/pub/scm/linux/kernel/git/westeri/thunderbolt.git thunderbolt-fixes/fixes
Already up to date.
Merging input-current/for-linus (1f6ac0f8441c Input: xpad - add "Nova 2 Lite" from GameSir)
$ git merge -m Merge branch 'for-linus' of https://git.kernel.org/pub/scm/linux/kernel/git/dtor/input.git input-current/for-linus
Merge made by the 'ort' strategy.
 drivers/input/joystick/xpad.c              | 14 ++++++++++----
 drivers/input/mouse/elan_i2c_core.c        |  8 ++++++++
 drivers/input/mouse/elan_i2c_i2c.c         |  2 +-
 drivers/input/touchscreen/usbtouchscreen.c |  5 +++++
 4 files changed, 24 insertions(+), 5 deletions(-)
Merging crypto-current/master (5db6ef984771 crypto: authencesn - reject short ahash digests during instance creation)
$ git merge -m Merge branch 'master' of https://git.kernel.org/pub/scm/linux/kernel/git/herbert/crypto-2.6.git crypto-current/master
Already up to date.
Merging libcrypto-fixes/libcrypto-fixes (254f49634ee1 Linux 7.1-rc1)
$ git merge -m Merge branch 'libcrypto-fixes' of https://git.kernel.org/pub/scm/linux/kernel/git/ebiggers/linux.git libcrypto-fixes/libcrypto-fixes
Already up to date.
Merging vfio-fixes/for-linus (e98137f0a874 vfio/pci: Fix double free in dma-buf feature)
$ git merge -m Merge branch 'for-linus' of https://github.com/awilliam/linux-vfio.git vfio-fixes/for-linus
Already up to date.
Merging kselftest-fixes/fixes (465b05bae5ac selftests: harness: Restore order of test functions)
$ git merge -m Merge branch 'fixes' of https://git.kernel.org/pub/scm/linux/kernel/git/shuah/linux-kselftest.git kselftest-fixes/fixes
Merge made by the 'ort' strategy.
 tools/testing/selftests/kselftest.h         |  2 +-
 tools/testing/selftests/kselftest_harness.h | 12 ++++++------
 2 files changed, 7 insertions(+), 7 deletions(-)
Merging dmaengine-fixes/fixes (254f49634ee1 Linux 7.1-rc1)
$ git merge -m Merge branch 'fixes' of https://git.kernel.org/pub/scm/linux/kernel/git/vkoul/dmaengine.git dmaengine-fixes/fixes
Already up to date.
Merging backlight-fixes/for-backlight-fixes (8f0b4cce4481 Linux 6.19-rc1)
$ git merge -m Merge branch 'for-backlight-fixes' of https://git.kernel.org/pub/scm/linux/kernel/git/lee/backlight.git backlight-fixes/for-backlight-fixes
Already up to date.
Merging mtd-fixes/mtd/fixes (135ac3b84bce mtd: spinand: winbond: Fix ODTR write VCR on W35NxxJW)
$ git merge -m Merge branch 'mtd/fixes' of https://git.kernel.org/pub/scm/linux/kernel/git/mtd/linux.git mtd-fixes/mtd/fixes
Already up to date.
Merging mfd-fixes/for-mfd-fixes (aa6e63373d91 mfd: ls2kbmc: Use PCI API instead of direct accesses)
  aa6e63373d91 ("mfd: ls2kbmc: Use PCI API instead of direct accesses")
  dd7881a429f5 ("mfd: ls2kbmc: Fully convert to use managed resources")
$ git merge -m Merge branch 'for-mfd-fixes' of https://git.kernel.org/pub/scm/linux/kernel/git/lee/mfd.git mfd-fixes/for-mfd-fixes
Merge made by the 'ort' strategy.
Merging v4l-dvb-fixes/fixes (646ebdd31058 media: rc: ttusbir: fix inverted error logic)
$ git merge -m Merge branch 'fixes' of git://linuxtv.org/media-ci/media-pending.git v4l-dvb-fixes/fixes
Merge made by the 'ort' strategy.
 .../media/platform/qcom/camss/camss-csid-gen3.c    |  6 +-
 drivers/media/platform/qcom/camss/camss-csiphy.c   | 10 ++-
 drivers/media/platform/qcom/camss/camss.c          | 80 +++++++++++-----------
 drivers/media/platform/qcom/iris/Kconfig           |  2 +-
 drivers/media/platform/qcom/iris/iris_buffer.c     |  8 ++-
 drivers/media/platform/qcom/iris/iris_core.c       |  4 ++
 drivers/media/platform/qcom/iris/iris_hfi_common.c |  4 ++
 drivers/media/platform/qcom/iris/iris_hfi_queue.c  |  2 +-
 drivers/media/platform/qcom/iris/iris_vdec.c       |  6 --
 drivers/media/platform/qcom/iris/iris_vdec.h       |  1 -
 drivers/media/platform/qcom/iris/iris_venc.c       |  6 --
 drivers/media/platform/qcom/iris/iris_venc.h       |  1 -
 drivers/media/platform/qcom/iris/iris_vidc.c       |  6 +-
 drivers/media/platform/qcom/iris/iris_vpu2.c       |  1 +
 drivers/media/platform/qcom/iris/iris_vpu3x.c      |  9 +--
 drivers/media/platform/qcom/iris/iris_vpu4x.c      | 24 ++++---
 drivers/media/platform/qcom/iris/iris_vpu_buffer.h |  2 +-
 drivers/media/platform/qcom/iris/iris_vpu_common.c | 16 +++--
 drivers/media/platform/qcom/iris/iris_vpu_common.h |  3 +
 drivers/media/platform/qcom/venus/Kconfig          |  2 +-
 drivers/media/rc/ttusbir.c                         |  2 +-
 21 files changed, 100 insertions(+), 95 deletions(-)
Merging reset-fixes/reset/fixes (9797524ef2b6 reset: amlogic: t7: Fix null reset ops)
$ git merge -m Merge branch 'reset/fixes' of https://git.pengutronix.de/git/pza/linux reset-fixes/reset/fixes
Already up to date.
Merging mips-fixes/mips-fixes (254f49634ee1 Linux 7.1-rc1)
$ git merge -m Merge branch 'mips-fixes' of https://git.kernel.org/pub/scm/linux/kernel/git/mips/linux.git mips-fixes/mips-fixes
Already up to date.
Merging at91-fixes/at91-fixes (907150bbe566 ARM: dts: microchip: sam9x7: fix gpio-lines count for pioB)
$ git merge -m Merge branch 'at91-fixes' of https://git.kernel.org/pub/scm/linux/kernel/git/at91/linux.git at91-fixes/at91-fixes
Already up to date.
Merging omap-fixes/fixes (6de23f81a5e0 Linux 7.0-rc1)
$ git merge -m Merge branch 'fixes' of https://git.kernel.org/pub/scm/linux/kernel/git/khilman/linux-omap.git omap-fixes/fixes
Already up to date.
Merging kvm-fixes/master (6d35786de281 Merge tag 'for-linus' of git://git.kernel.org/pub/scm/virt/kvm/kvm)
$ git merge -m Merge branch 'master' of git://git.kernel.org/pub/scm/virt/kvm/kvm.git kvm-fixes/master
Already up to date.
Merging kvms390-fixes/master (0cfe660559e8 KVM: s390: pci: Fix aisb calculation)
$ git merge -m Merge branch 'master' of https://git.kernel.org/pub/scm/linux/kernel/git/kvms390/linux.git kvms390-fixes/master
Auto-merging arch/s390/kvm/interrupt.c
Merge made by the 'ort' strategy.
 arch/s390/kvm/interrupt.c |  3 +--
 arch/s390/kvm/pci.c       | 10 ++++------
 2 files changed, 5 insertions(+), 8 deletions(-)
Merging kvm-arm-fixes/fixes (4ce98bf0865c KVM: arm64: Wake-up from WFI when iqrchip is in userspace)
$ git merge -m Merge branch 'fixes' of https://git.kernel.org/pub/scm/linux/kernel/git/kvmarm/kvmarm.git kvm-arm-fixes/fixes
Already up to date.
Merging hwmon-fixes/hwmon (140a22453405 hwmon: (ads7871) Fix endianness bug in 16-bit register reads)
$ git merge -m Merge branch 'hwmon' of https://git.kernel.org/pub/scm/linux/kernel/git/groeck/linux-staging.git hwmon-fixes/hwmon
Merge made by the 'ort' strategy.
 Documentation/hwmon/yogafan.rst |  2 +-
 drivers/hwmon/Makefile          |  1 -
 drivers/hwmon/ads7871.c         |  6 +++++-
 drivers/hwmon/corsair-psu.c     |  4 ++--
 drivers/hwmon/lm63.c            | 39 ++++++++++++++++++++++++++++++---------
 drivers/hwmon/lm75.c            |  6 +++---
 drivers/hwmon/ltc2992.c         | 41 ++++++++++++++++++++++++++++++++---------
 7 files changed, 73 insertions(+), 26 deletions(-)
Merging nvdimm-fixes/libnvdimm-fixes (a8aec1423032 nvdimm/bus: Fix potential use after free in asynchronous initialization)
$ git merge -m Merge branch 'libnvdimm-fixes' of https://git.kernel.org/pub/scm/linux/kernel/git/nvdimm/nvdimm.git nvdimm-fixes/libnvdimm-fixes
Already up to date.
Merging cxl-fixes/fixes (be5c5280cf2b cxl: Adjust the startup priority of cxl_pmem to be higher than that of cxl_acpi)
$ git merge -m Merge branch 'fixes' of https://git.kernel.org/pub/scm/linux/kernel/git/cxl/cxl.git cxl-fixes/fixes
Already up to date.
Merging dma-mapping-fixes/dma-mapping-fixes (22d0213e55fb dma-direct: fix use of max_pfn)
$ git merge -m Merge branch 'dma-mapping-fixes' of https://git.kernel.org/pub/scm/linux/kernel/git/mszyprowski/linux.git dma-mapping-fixes/dma-mapping-fixes
Merge made by the 'ort' strategy.
 kernel/dma/direct.c | 4 ++--
 1 file changed, 2 insertions(+), 2 deletions(-)
Merging drivers-x86-fixes/fixes (254f49634ee1 Linux 7.1-rc1)
$ git merge -m Merge branch 'fixes' of https://git.kernel.org/pub/scm/linux/kernel/git/pdx86/platform-drivers-x86.git drivers-x86-fixes/fixes
Already up to date.
Merging samsung-krzk-fixes/fixes (254f49634ee1 Linux 7.1-rc1)
$ git merge -m Merge branch 'fixes' of https://git.kernel.org/pub/scm/linux/kernel/git/krzk/linux.git samsung-krzk-fixes/fixes
Already up to date.
Merging pinctrl-samsung-fixes/fixes (254f49634ee1 Linux 7.1-rc1)
$ git merge -m Merge branch 'fixes' of https://git.kernel.org/pub/scm/linux/kernel/git/pinctrl/samsung.git pinctrl-samsung-fixes/fixes
Already up to date.
Merging devicetree-fixes/dt/linus (81122fba08fa of: fix reference count leak in of_alias_scan())
$ git merge -m Merge branch 'dt/linus' of https://git.kernel.org/pub/scm/linux/kernel/git/robh/linux.git devicetree-fixes/dt/linus
Already up to date.
Merging dt-krzk-fixes/fixes (254f49634ee1 Linux 7.1-rc1)
$ git merge -m Merge branch 'fixes' of https://git.kernel.org/pub/scm/linux/kernel/git/krzk/linux-dt.git dt-krzk-fixes/fixes
Already up to date.
Merging scsi-fixes/fixes (98f69975d4c0 Merge branch '7.1/scsi-queue' into 7.1/scsi-fixes)
$ git merge -m Merge branch 'fixes' of https://git.kernel.org/pub/scm/linux/kernel/git/mkp/scsi.git scsi-fixes/fixes
Merge made by the 'ort' strategy.
 drivers/scsi/device_handler/scsi_dh_alua.c |  2 +-
 drivers/scsi/hisi_sas/hisi_sas_v3_hw.c     |  2 +-
 drivers/scsi/mpt3sas/mpt3sas_scsih.c       | 14 +++++++++++++-
 drivers/scsi/pmcraid.h                     |  2 +-
 drivers/scsi/sg.c                          |  2 +-
 drivers/scsi/smartpqi/smartpqi_init.c      |  1 +
 drivers/target/iscsi/iscsi_target.c        | 22 ++++++++++++++++++----
 drivers/target/target_core_configfs.c      |  2 +-
 drivers/ufs/core/ufshcd.c                  | 30 ++++++++++++++++++++++++++++--
 include/ufs/unipro.h                       |  5 +++++
 10 files changed, 70 insertions(+), 12 deletions(-)
Merging drm-fixes/drm-fixes (f0997a06e3e3 Merge tag 'drm-xe-fixes-2026-04-30' of https://gitlab.freedesktop.org/drm/xe/kernel into drm-fixes)
$ git merge -m Merge branch 'drm-fixes' of https://gitlab.freedesktop.org/drm/kernel.git drm-fixes/drm-fixes
Already up to date.
Merging drm-intel-fixes/for-linux-next-fixes (7fd2df204f34 Linux 7.1-rc2)
$ git merge -m Merge branch 'for-linux-next-fixes' of https://gitlab.freedesktop.org/drm/i915/kernel.git drm-intel-fixes/for-linux-next-fixes
Already up to date.
Merging mmc-fixes/fixes (8f4d20a71022 mmc: vub300: fix use-after-free on disconnect)
$ git merge -m Merge branch 'fixes' of https://git.kernel.org/pub/scm/linux/kernel/git/ulfh/mmc.git mmc-fixes/fixes
Already up to date.
Merging rtc-fixes/rtc-fixes (254f49634ee1 Linux 7.1-rc1)
$ git merge -m Merge branch 'rtc-fixes' of https://git.kernel.org/pub/scm/linux/kernel/git/abelloni/linux.git rtc-fixes/rtc-fixes
Already up to date.
Merging gnss-fixes/gnss-linus (254f49634ee1 Linux 7.1-rc1)
$ git merge -m Merge branch 'gnss-linus' of https://git.kernel.org/pub/scm/linux/kernel/git/johan/gnss.git gnss-fixes/gnss-linus
Already up to date.
Merging hyperv-fixes/hyperv-fixes (3f8c8497b4fc hv: utils: replace deprecated strcpy with strscpy in kvp_register)
$ git merge -m Merge branch 'hyperv-fixes' of https://git.kernel.org/pub/scm/linux/kernel/git/hyperv/linux.git hyperv-fixes/hyperv-fixes
Merge made by the 'ort' strategy.
 drivers/hv/hv_kvp.c    | 27 +++++++++++++--------------
 include/hyperv/hvhdk.h |  1 +
 2 files changed, 14 insertions(+), 14 deletions(-)
Merging risc-v-fixes/fixes (db909bd7986c riscv: mm: Fixup no5lvl failure when vaddr is invalid)
$ git merge -m Merge branch 'fixes' of https://git.kernel.org/pub/scm/linux/kernel/git/riscv/linux.git risc-v-fixes/fixes
Merge made by the 'ort' strategy.
 Documentation/arch/riscv/cmodx.rst     |  8 ++++----
 arch/riscv/errata/mips/errata.c        |  2 +-
 arch/riscv/kernel/compat_signal.c      |  2 ++
 arch/riscv/kernel/copy-unaligned.S     |  5 +++--
 arch/riscv/kernel/cpufeature.c         |  4 +---
 arch/riscv/kernel/ptrace.c             |  4 ++--
 arch/riscv/kernel/vec-copy-unaligned.S |  5 +++--
 arch/riscv/mm/init.c                   | 25 +++++++++++++++++++++++++
 8 files changed, 41 insertions(+), 14 deletions(-)
Merging riscv-dt-fixes/riscv-dt-fixes (0df8aa2b9aec riscv: dts: microchip: fix icicle i2c pinctrl configuration)
$ git merge -m Merge branch 'riscv-dt-fixes' of https://git.kernel.org/pub/scm/linux/kernel/git/conor/linux.git riscv-dt-fixes/riscv-dt-fixes
Merge made by the 'ort' strategy.
 .../boot/dts/microchip/mpfs-icicle-kit-fabric.dtsi | 10 --------
 .../boot/dts/microchip/mpfs-icicle-kit-prod.dts    | 10 ++++++++
 arch/riscv/boot/dts/microchip/mpfs-icicle-kit.dts  | 19 +++++++++++++++
 arch/riscv/boot/dts/starfive/jh7110-common.dtsi    | 27 +--------------------
 arch/riscv/boot/dts/starfive/jh7110.dtsi           | 28 ----------------------
 5 files changed, 30 insertions(+), 64 deletions(-)
Merging riscv-soc-fixes/riscv-soc-fixes (c7596f9001e2 firmware: microchip: fail auto-update probe if no flash found)
$ git merge -m Merge branch 'riscv-soc-fixes' of https://git.kernel.org/pub/scm/linux/kernel/git/conor/linux.git riscv-soc-fixes/riscv-soc-fixes
Already up to date.
Merging fpga-fixes/fixes (19272b37aa4f Linux 6.16-rc1)
$ git merge -m Merge branch 'fixes' of https://git.kernel.org/pub/scm/linux/kernel/git/fpga/linux-fpga.git fpga-fixes/fixes
Already up to date.
Merging spdx/spdx-linus (254f49634ee1 Linux 7.1-rc1)
$ git merge -m Merge branch 'spdx-linus' of https://git.kernel.org/pub/scm/linux/kernel/git/gregkh/spdx.git spdx/spdx-linus
Already up to date.
Merging gpio-brgl-fixes/gpio/for-current (254f49634ee1 Linux 7.1-rc1)
$ git merge -m Merge branch 'gpio/for-current' of https://git.kernel.org/pub/scm/linux/kernel/git/brgl/linux.git gpio-brgl-fixes/gpio/for-current
Already up to date.
Merging gpio-intel-fixes/fixes (3bb62e3f99a5 gpiolib: acpi: Only trigger ActiveBoth interrupts on boot)
$ git merge -m Merge branch 'fixes' of https://git.kernel.org/pub/scm/linux/kernel/git/andy/linux-gpio-intel.git gpio-intel-fixes/fixes
Merge made by the 'ort' strategy.
 drivers/gpio/gpiolib-acpi-core.c | 19 +++++++++++++++----
 1 file changed, 15 insertions(+), 4 deletions(-)
Merging pinctrl-intel-fixes/fixes (254f49634ee1 Linux 7.1-rc1)
$ git merge -m Merge branch 'fixes' of https://git.kernel.org/pub/scm/linux/kernel/git/pinctrl/intel.git pinctrl-intel-fixes/fixes
Already up to date.
Merging auxdisplay-fixes/fixes (254f49634ee1 Linux 7.1-rc1)
$ git merge -m Merge branch 'fixes' of https://git.kernel.org/pub/scm/linux/kernel/git/andy/linux-auxdisplay.git auxdisplay-fixes/fixes
Already up to date.
Merging kunit-fixes/kunit-fixes (254f49634ee1 Linux 7.1-rc1)
$ git merge -m Merge branch 'kunit-fixes' of https://git.kernel.org/pub/scm/linux/kernel/git/shuah/linux-kselftest.git kunit-fixes/kunit-fixes
Already up to date.
Merging memblock-fixes/fixes (afd218bb1dd8 mm/fake-numa: fix under-allocation detection in uniform split)
$ git merge -m Merge branch 'fixes' of https://git.kernel.org/pub/scm/linux/kernel/git/rppt/memblock.git memblock-fixes/fixes
Merge made by the 'ort' strategy.
 mm/numa_emulation.c | 17 +++++++++++++----
 1 file changed, 13 insertions(+), 4 deletions(-)
Merging renesas-fixes/fixes (8a78d1c454b3 Merge branch 'renesas-pinctrl-fixes-for-v7.1' into renesas-fixes)
$ git merge -m Merge branch 'fixes' of https://git.kernel.org/pub/scm/linux/kernel/git/geert/renesas-devel.git renesas-fixes/fixes
Merge made by the 'ort' strategy.
 arch/arm/boot/dts/renesas/r7s72100-genmai.dts      |  3 ---
 arch/arm/boot/dts/renesas/r7s72100-rskrza1.dts     |  2 --
 arch/arm/boot/dts/renesas/r7s72100.dtsi            |  2 +-
 arch/arm/boot/dts/renesas/r8a7778.dtsi             |  2 +-
 arch/arm/boot/dts/renesas/r8a7779.dtsi             |  2 +-
 arch/arm/boot/dts/renesas/r8a7792.dtsi             |  2 +-
 .../dts/renesas/draak-ebisu-panel-aa104xd12.dtso   |  5 +++++
 arch/arm64/boot/dts/renesas/r8a78000.dtsi          |  8 ++++----
 arch/arm64/boot/dts/renesas/r9a09g056.dtsi         |  1 +
 arch/arm64/boot/dts/renesas/r9a09g057.dtsi         |  2 ++
 .../boot/dts/renesas/rz-smarc-cru-csi-ov5645.dtsi  |  5 +++++
 .../boot/dts/renesas/rz-smarc-du-adv7513.dtsi      |  5 +++++
 .../boot/dts/renesas/salvator-panel-aa104xd12.dtso |  5 +++++
 drivers/pinctrl/renesas/pinctrl-rzg2l.c            | 23 ++++++++++++++--------
 14 files changed, 46 insertions(+), 21 deletions(-)
Merging perf-current/perf-tools (254f49634ee1 Linux 7.1-rc1)
$ git merge -m Merge branch 'perf-tools' of https://git.kernel.org/pub/scm/linux/kernel/git/perf/perf-tools.git perf-current/perf-tools
Already up to date.
Merging efi-fixes/urgent (316c65fdb307 x86/efi: Restore IRQ state in EFI page fault handler)
$ git merge -m Merge branch 'urgent' of https://git.kernel.org/pub/scm/linux/kernel/git/efi/efi.git efi-fixes/urgent
Merge made by the 'ort' strategy.
 arch/x86/include/asm/efi.h                    |   3 +-
 arch/x86/mm/fault.c                           |   2 +-
 arch/x86/platform/efi/quirks.c                |  13 +-
 drivers/firmware/efi/efi-pstore.c             |   4 +-
 drivers/firmware/efi/libstub/Makefile         |   2 +-
 drivers/firmware/efi/libstub/efistub.h        |   7 --
 drivers/firmware/efi/libstub/loongarch-stub.c |  80 +++++++++++++
 drivers/firmware/efi/libstub/loongarch.c      |   5 +
 drivers/firmware/efi/libstub/mem.c            |  82 +++++++++++++
 drivers/firmware/efi/libstub/relocate.c       | 166 --------------------------
 fs/efivarfs/super.c                           |   5 +-
 11 files changed, 186 insertions(+), 183 deletions(-)
 delete mode 100644 drivers/firmware/efi/libstub/relocate.c
Merging battery-fixes/fixes (254f49634ee1 Linux 7.1-rc1)
$ git merge -m Merge branch 'fixes' of https://git.kernel.org/pub/scm/linux/kernel/git/sre/linux-power-supply.git battery-fixes/fixes
Already up to date.
Merging iommufd-fixes/for-rc (254f49634ee1 Linux 7.1-rc1)
$ git merge -m Merge branch 'for-rc' of https://git.kernel.org/pub/scm/linux/kernel/git/jgg/iommufd.git iommufd-fixes/for-rc
Already up to date.
Merging rust-fixes/rust-fixes (2adc8664018c rust: allow `clippy::collapsible_if` globally)
$ git merge -m Merge branch 'rust-fixes' of https://github.com/Rust-for-Linux/linux.git rust-fixes/rust-fixes
Auto-merging Makefile
Merge made by the 'ort' strategy.
 Makefile                                    |   2 +
 drivers/android/binder/range_alloc/array.rs |   1 -
 rust/Makefile                               |   2 +
 rust/pin-init/internal/src/init.rs          | 184 +++++++++++++---------------
 rust/pin-init/src/__internal.rs             |  28 +++--
 5 files changed, 107 insertions(+), 110 deletions(-)
Merging w1-fixes/fixes (254f49634ee1 Linux 7.1-rc1)
$ git merge -m Merge branch 'fixes' of https://git.kernel.org/pub/scm/linux/kernel/git/krzk/linux-w1.git w1-fixes/fixes
Already up to date.
Merging pmdomain-fixes/fixes (ec1fcddb3117 pmdomain: mediatek: fix use-after-free in scpsys_get_bus_protection_legacy())
$ git merge -m Merge branch 'fixes' of https://git.kernel.org/pub/scm/linux/kernel/git/ulfh/linux-pm.git pmdomain-fixes/fixes
Merge made by the 'ort' strategy.
 drivers/pmdomain/core.c                    | 10 +++++++++-
 drivers/pmdomain/mediatek/mtk-pm-domains.c | 10 +++++++---
 2 files changed, 16 insertions(+), 4 deletions(-)
Merging i2c-host-fixes/i2c/i2c-host-fixes (254f49634ee1 Linux 7.1-rc1)
$ git merge -m Merge branch 'i2c/i2c-host-fixes' of https://git.kernel.org/pub/scm/linux/kernel/git/andi.shyti/linux.git i2c-host-fixes/i2c/i2c-host-fixes
Already up to date.
Merging i2c-rust-fixes/rust-i2c-fixes (7ca6d1cfec80 Merge tag 'powerpc-7.0-4' of git://git.kernel.org/pub/scm/linux/kernel/git/powerpc/linux)
$ git merge -m Merge branch 'rust-i2c-fixes' of https://github.com/ikrtn/rust-for-linux i2c-rust-fixes/rust-i2c-fixes
Already up to date.
Merging sparc-fixes/for-linus (8f0b4cce4481 Linux 6.19-rc1)
$ git merge -m Merge branch 'for-linus' of https://git.kernel.org/pub/scm/linux/kernel/git/alarsson/linux-sparc.git sparc-fixes/for-linus
Already up to date.
Merging clk-fixes/clk-fixes (de019f203b0d clk: rk808: fix OF node reference imbalance)
$ git merge -m Merge branch 'clk-fixes' of https://git.kernel.org/pub/scm/linux/kernel/git/clk/linux.git clk-fixes/clk-fixes
Auto-merging MAINTAINERS
Merge made by the 'ort' strategy.
 MAINTAINERS                   |  1 +
 drivers/clk/clk-eyeq.c        | 60 +++++++++++--------------------------------
 drivers/clk/clk-rk808.c       |  2 +-
 drivers/clk/spacemit/ccu-k3.c |  2 +-
 drivers/reset/reset-eyeq.c    | 24 ++---------------
 5 files changed, 20 insertions(+), 69 deletions(-)
Merging thead-clk-fixes/thead-clk-fixes (8f0b4cce4481 Linux 6.19-rc1)
$ git merge -m Merge branch 'thead-clk-fixes' of https://git.kernel.org/pub/scm/linux/kernel/git/fustini/linux.git thead-clk-fixes/thead-clk-fixes
Already up to date.
Merging tenstorrent-clk-fixes/tenstorrent-clk-fixes (6de23f81a5e0 Linux 7.0-rc1)
$ git merge -m Merge branch 'tenstorrent-clk-fixes' of https://git.kernel.org/pub/scm/linux/kernel/git/tenstorrent/linux.git tenstorrent-clk-fixes/tenstorrent-clk-fixes
Already up to date.
Merging pwrseq-fixes/pwrseq/for-current (254f49634ee1 Linux 7.1-rc1)
$ git merge -m Merge branch 'pwrseq/for-current' of https://git.kernel.org/pub/scm/linux/kernel/git/brgl/linux.git pwrseq-fixes/pwrseq/for-current
Already up to date.
Merging thead-dt-fixes/thead-dt-fixes (6de23f81a5e0 Linux 7.0-rc1)
$ git merge -m Merge branch 'thead-dt-fixes' of https://git.kernel.org/pub/scm/linux/kernel/git/fustini/linux.git thead-dt-fixes/thead-dt-fixes
Already up to date.
Merging ftrace-fixes/ftrace/fixes (1650a1b6cb1a fgraph: Check ftrace_pids_enabled on registration for early filtering)
$ git merge -m Merge branch 'ftrace/fixes' of https://git.kernel.org/pub/scm/linux/kernel/git/trace/linux-trace.git ftrace-fixes/ftrace/fixes
Already up to date.
Merging ring-buffer-fixes/ring-buffer/fixes (92d5a606721f ring-buffer: Do not double count the reader_page)
$ git merge -m Merge branch 'ring-buffer/fixes' of https://git.kernel.org/pub/scm/linux/kernel/git/trace/linux-trace.git ring-buffer-fixes/ring-buffer/fixes
Already up to date.
Merging trace-fixes/trace/fixes (b2aa3b4d64e4 tracing/probes: Limit size of event probe to 3K)
$ git merge -m Merge branch 'trace/fixes' of https://git.kernel.org/pub/scm/linux/kernel/git/trace/linux-trace.git trace-fixes/trace/fixes
Already up to date.
Merging tracefs-fixes/tracefs/fixes (07004a8c4b57 eventfs: Hold eventfs_mutex and SRCU when remount walks events)
$ git merge -m Merge branch 'tracefs/fixes' of https://git.kernel.org/pub/scm/linux/kernel/git/trace/linux-trace.git tracefs-fixes/tracefs/fixes
Already up to date.
Merging spacemit-fixes/fixes (254f49634ee1 Linux 7.1-rc1)
$ git merge -m Merge branch 'fixes' of https://github.com/spacemit-com/linux spacemit-fixes/fixes
Already up to date.
Merging tip-fixes/tip/urgent (6d35786de281 Merge tag 'for-linus' of git://git.kernel.org/pub/scm/virt/kvm/kvm)
$ git merge -m Merge branch 'tip/urgent' of https://git.kernel.org/pub/scm/linux/kernel/git/tip/tip.git tip-fixes/tip/urgent
Already up to date.
Merging slab-fixes/slab/for-next-fixes (5b31044e649e mm/slab: return NULL early from kmalloc_nolock() in NMI on UP)
$ git merge -m Merge branch 'slab/for-next-fixes' of https://git.kernel.org/pub/scm/linux/kernel/git/vbabka/slab.git slab-fixes/slab/for-next-fixes
Already up to date.
Merging kexec-fixes/kexec-fixes (028ef9c96e96 Linux 7.0)
$ git merge -m Merge branch 'kexec-fixes' of https://git.kernel.org/pub/scm/linux/kernel/git/liveupdate/linux.git kexec-fixes/kexec-fixes
Already up to date.
Merging liveupdate-fixes/fixes (7b0b68b2b956 mm/memfd_luo: document preservation of file seals)
$ git merge -m Merge branch 'fixes' of https://git.kernel.org/pub/scm/linux/kernel/git/liveupdate/linux.git liveupdate-fixes/fixes
Auto-merging kernel/liveupdate/kexec_handover.c
Merge made by the 'ort' strategy.
 kernel/liveupdate/kexec_handover.c |  2 +-
 mm/memfd_luo.c                     | 25 +++++++++++++++++++------
 2 files changed, 20 insertions(+), 7 deletions(-)
Merging drm-msm-fixes/msm-fixes (a972d1b864e8 drm/msm: Use of_get_available_child_by_name())
$ git merge -m Merge branch 'msm-fixes' of https://gitlab.freedesktop.org/drm/msm.git drm-msm-fixes/msm-fixes
Already up to date.
Merging uml-fixes/fixes (254f49634ee1 Linux 7.1-rc1)
$ git merge -m Merge branch 'fixes' of https://git.kernel.org/pub/scm/linux/kernel/git/uml/linux.git uml-fixes/fixes
Already up to date.
Merging fwctl-fixes/for-rc (254f49634ee1 Linux 7.1-rc1)
$ git merge -m Merge branch 'for-rc' of https://git.kernel.org/pub/scm/linux/kernel/git/fwctl/fwctl.git fwctl-fixes/for-rc
Already up to date.
Merging devsec-tsm-fixes/fixes (c3fd16c3b98e virt: tdx-guest: Fix handling of host controlled 'quote' buffer length)
$ git merge -m Merge branch 'fixes' of https://git.kernel.org/pub/scm/linux/kernel/git/devsec/tsm.git devsec-tsm-fixes/fixes
Already up to date.
Merging drm-rust-fixes/drm-rust-fixes (15e8bae5d930 MAINTAINERS: nova: update mailing list)
$ git merge -m Merge branch 'drm-rust-fixes' of https://gitlab.freedesktop.org/drm/rust/kernel.git drm-rust-fixes/drm-rust-fixes
Auto-merging MAINTAINERS
Merge made by the 'ort' strategy.
 MAINTAINERS                  | 6 ++----
 rust/kernel/drm/gem/shmem.rs | 6 ++----
 2 files changed, 4 insertions(+), 8 deletions(-)
Merging tenstorrent-dt-fixes/tenstorrent-dt-fixes (6de23f81a5e0 Linux 7.0-rc1)
$ git merge -m Merge branch 'tenstorrent-dt-fixes' of https://git.kernel.org/pub/scm/linux/kernel/git/tenstorrent/linux.git tenstorrent-dt-fixes/tenstorrent-dt-fixes
Already up to date.
Merging nfc-fixes/for-linus (babefe9778c3 nfc: llcp: Fix use-after-free race in nfc_llcp_recv_cc())
$ git merge -m Merge branch 'for-linus' of https://codeberg.org/linux-nfc/linux.git nfc-fixes/for-linus
Merge made by the 'ort' strategy.
 net/nfc/llcp_core.c | 11 +++++++++++
 net/nfc/llcp_sock.c |  2 ++
 2 files changed, 13 insertions(+)
Merging drm-misc-fixes/for-linux-next-fixes (b5d0ad616ca8 drm/bridge: tda998x: Return NULL instead of 0 in tda998x_edid_read())
$ git merge -m Merge branch 'for-linux-next-fixes' of https://gitlab.freedesktop.org/drm/misc/kernel.git drm-misc-fixes/for-linux-next-fixes
Merge made by the 'ort' strategy.
 drivers/accel/ivpu/ivpu_drv.c                     | 21 +++++++++++++++++++++
 drivers/accel/qaic/qaic_ras.c                     |  4 ++--
 drivers/gpu/drm/bridge/tda998x_drv.c              |  4 ++--
 drivers/gpu/drm/drm_fb_helper.c                   |  2 +-
 drivers/gpu/drm/nouveau/nvkm/engine/device/base.c | 11 +++++++++--
 drivers/gpu/drm/nouveau/nvkm/subdev/gsp/ga100.c   |  4 ++++
 drivers/gpu/drm/nouveau/nvkm/subdev/gsp/tu102.c   | 18 +++++-------------
 drivers/gpu/drm/qxl/qxl_drv.c                     |  6 ++++--
 drivers/gpu/drm/ttm/ttm_pool.c                    | 18 ++++++++++++------
 9 files changed, 60 insertions(+), 28 deletions(-)
Merging rust/rust-next (254f49634ee1 Linux 7.1-rc1)
$ git merge -m Merge branch 'rust-next' of https://github.com/Rust-for-Linux/linux.git rust/rust-next
Already up to date.
Merging rust-interop/interop-next (05f7e89ab973 Linux 6.19)
$ git merge -m Merge branch 'interop-next' of https://github.com/Rust-for-Linux/linux.git rust-interop/interop-next
Already up to date.
Merging rust-alloc/alloc-next (254f49634ee1 Linux 7.1-rc1)
$ git merge -m Merge branch 'alloc-next' of https://github.com/Rust-for-Linux/linux.git rust-alloc/alloc-next
Already up to date.
Merging rust-io/io-next (86731a2a651e Linux 6.16-rc3)
$ git merge -m Merge branch 'io-next' of https://github.com/Rust-for-Linux/linux.git rust-io/io-next
Already up to date.
Merging rust-pin-init/pin-init-next (254f49634ee1 Linux 7.1-rc1)
$ git merge -m Merge branch 'pin-init-next' of https://github.com/Rust-for-Linux/linux.git rust-pin-init/pin-init-next
Already up to date.
Merging rust-timekeeping/timekeeping-next (ddb1444d3335 hrtimer: add usage examples to documentation)
$ git merge -m Merge branch 'timekeeping-next' of https://github.com/Rust-for-Linux/linux.git rust-timekeeping/timekeeping-next
Already up to date.
Merging rust-xarray/xarray-next (c455f19bbe61 rust: xarray: add __rust_helper to helpers)
$ git merge -m Merge branch 'xarray-next' of https://github.com/Rust-for-Linux/linux.git rust-xarray/xarray-next
Already up to date.
Merging rust-analyzer/rust-analyzer-next (254f49634ee1 Linux 7.1-rc1)
$ git merge -m Merge branch 'rust-analyzer-next' of https://github.com/Rust-for-Linux/linux.git rust-analyzer/rust-analyzer-next
Already up to date.
Merging mm-stable/mm-stable (254f49634ee1 Linux 7.1-rc1)
$ git merge -m Merge branch 'mm-stable' of https://git.kernel.org/pub/scm/linux/kernel/git/akpm/mm mm-stable/mm-stable
Already up to date.
Merging mm-nonmm-stable/mm-nonmm-stable (254f49634ee1 Linux 7.1-rc1)
$ git merge -m Merge branch 'mm-nonmm-stable' of https://git.kernel.org/pub/scm/linux/kernel/git/akpm/mm mm-nonmm-stable/mm-nonmm-stable
Already up to date.
Merging mm-unstable/mm-unstable (2d565cbaafd4 mm/swap: remove redundant swap device reference in alloc/free)
$ git merge -m Merge branch 'mm-unstable' of https://git.kernel.org/pub/scm/linux/kernel/git/akpm/mm mm-unstable/mm-unstable
Auto-merging arch/riscv/mm/init.c
Auto-merging kernel/fork.c
Auto-merging mm/page_alloc.c
Merge made by the 'ort' strategy.
 Documentation/ABI/testing/sysfs-kernel-mm-damon    |  19 ++
 Documentation/admin-guide/mm/damon/lru_sort.rst    |   2 +-
 Documentation/admin-guide/mm/damon/reclaim.rst     |   2 +-
 Documentation/admin-guide/mm/damon/usage.rst       |  30 +-
 Documentation/mm/damon/design.rst                  |  33 ++
 Documentation/mm/damon/maintainer-profile.rst      |  21 ++
 Documentation/mm/page_owner.rst                    |  55 +++-
 arch/arm64/mm/mmu.c                                |   5 +-
 arch/loongarch/mm/init.c                           |   5 +-
 arch/powerpc/mm/mem.c                              |   5 +-
 arch/riscv/mm/init.c                               |   5 +-
 arch/s390/mm/init.c                                |   5 +-
 arch/sh/mm/cache-sh4.c                             |   2 +-
 arch/x86/hyperv/mmu.c                              |   4 +-
 arch/x86/include/asm/tlb.h                         |  19 +-
 arch/x86/include/asm/tlbflush.h                    |   6 +-
 arch/x86/kernel/smpboot.c                          |   1 +
 arch/x86/mm/init_64.c                              |   5 +-
 arch/x86/mm/tlb.c                                  |  39 ++-
 drivers/dax/kmem.c                                 |   6 +
 drivers/gpu/drm/drm_managed.c                      |   4 +-
 fs/proc/task_mmu.c                                 | 195 ++++++++---
 include/asm-generic/pgalloc.h                      |   2 +-
 include/asm-generic/tlb.h                          |  17 +
 include/linux/damon.h                              |  16 +
 include/linux/gfp.h                                |   4 +
 include/linux/gfp_types.h                          |   6 +-
 include/linux/highmem.h                            |  15 +
 include/linux/memory_hotplug.h                     |   8 +-
 include/linux/mm.h                                 |  18 -
 include/linux/pagemap.h                            |   2 +
 include/linux/swap.h                               |   5 +-
 include/linux/thread_info.h                        |   2 +-
 include/linux/vmpressure.h                         |   9 +-
 include/trace/events/vmscan.h                      |  52 +++
 kernel/bpf/arena.c                                 |   2 +-
 kernel/fork.c                                      |   5 +-
 kernel/power/swap.c                                |   2 +-
 kernel/power/user.c                                |  15 +-
 mm/Kconfig                                         |   5 +-
 mm/damon/core.c                                    | 286 ++++++++++++++--
 mm/damon/lru_sort.c                                |  48 ++-
 mm/damon/ops-common.c                              |   9 +-
 mm/damon/reclaim.c                                 |  48 ++-
 mm/damon/sysfs-schemes.c                           |  65 ++++
 mm/damon/sysfs.c                                   |  31 ++
 mm/damon/tests/core-kunit.h                        |  10 +
 mm/damon/vaddr.c                                   |   3 +
 mm/filemap.c                                       |   4 +
 mm/gup.c                                           |  21 +-
 mm/huge_memory.c                                   | 107 +++---
 mm/hugetlb.c                                       |   7 +-
 mm/kfence/kfence_test.c                            |   2 +-
 mm/khugepaged.c                                    |   8 +-
 mm/madvise.c                                       |  29 +-
 mm/memcontrol.c                                    |   5 +-
 mm/memory-failure.c                                |   8 +-
 mm/memory.c                                        |  57 ++--
 mm/memory_hotplug.c                                |  13 +-
 mm/memremap.c                                      |   4 +-
 mm/migrate.c                                       |  48 ++-
 mm/migrate_device.c                                |   9 +-
 mm/mm_init.c                                       |  47 ++-
 mm/mmap.c                                          |   2 +-
 mm/mmu_gather.c                                    |  15 +
 mm/page_alloc.c                                    | 209 ++++++++++--
 mm/page_io.c                                       |  42 +--
 mm/page_owner.c                                    |   2 +-
 mm/readahead.c                                     |   6 +-
 mm/rmap.c                                          |   8 +-
 mm/shmem.c                                         |   5 +-
 mm/sparse-vmemmap.c                                |  75 +++--
 mm/sparse.c                                        |  68 +---
 mm/swap.c                                          |  43 ++-
 mm/swapfile.c                                      | 205 +++++++++---
 mm/vmalloc.c                                       |  29 +-
 mm/vmpressure.c                                    |  15 +-
 mm/vmscan.c                                        | 362 +++++++++------------
 net/rds/tcp_recv.c                                 |   2 +-
 tools/testing/selftests/cgroup/lib/cgroup_util.c   |  18 +-
 .../selftests/cgroup/lib/include/cgroup_util.h     |   4 +-
 tools/testing/selftests/cgroup/test_core.c         |   2 +-
 tools/testing/selftests/cgroup/test_freezer.c      |   2 +-
 tools/testing/selftests/cgroup/test_memcontrol.c   |  19 +-
 tools/testing/selftests/cgroup/test_zswap.c        | 181 ++++++++---
 tools/testing/selftests/damon/_damon_sysfs.py      |  31 +-
 .../selftests/damon/drgn_dump_damon_status.py      |   3 +
 tools/testing/selftests/damon/sysfs.py             |  56 +++-
 tools/testing/selftests/mm/Makefile                |   9 +-
 tools/testing/selftests/mm/check_config.sh         |   2 +-
 tools/testing/selftests/mm/droppable.c             |   9 +-
 tools/testing/selftests/mm/mlock2-tests.c          |  86 ++++-
 tools/testing/selftests/mm/mremap_test.c           | 109 +------
 tools/testing/selftests/mm/process_madv.c          |  29 ++
 tools/testing/selftests/mm/run_vmtests.sh          |   1 +
 tools/testing/selftests/proc/proc-maps-race.c      | 295 +++++++++++++----
 96 files changed, 2458 insertions(+), 1008 deletions(-)
Merging mm-nonmm-unstable/mm-nonmm-unstable (762d50c70d7b lib/tests: extend cmdline KUnit with next_arg() tests)
$ git merge -m Merge branch 'mm-nonmm-unstable' of https://git.kernel.org/pub/scm/linux/kernel/git/akpm/mm mm-nonmm-unstable/mm-nonmm-unstable
Auto-merging Makefile
Auto-merging kernel/fork.c
Auto-merging mm/Kconfig
Merge made by the 'ort' strategy.
 .clang-format                                      |   2 +
 Documentation/atomic_t.txt                         |  14 +-
 Documentation/dev-tools/checkpatch.rst             |  14 +
 Makefile                                           |   2 +-
 arch/arc/include/asm/uaccess.h                     |   3 +-
 arch/arm/include/asm/uaccess.h                     |   3 +-
 arch/arm64/Kconfig                                 |   3 +
 arch/arm64/include/asm/barrier.h                   |  23 ++
 arch/arm64/include/asm/cmpxchg.h                   |  62 +++-
 arch/arm64/include/asm/delay-const.h               |  27 ++
 arch/arm64/include/asm/rqspinlock.h                |  85 -----
 arch/arm64/include/asm/uaccess.h                   |   3 +-
 arch/arm64/lib/delay.c                             |  17 +-
 arch/hexagon/include/asm/uaccess.h                 |   3 +-
 arch/loongarch/include/asm/uaccess.h               |   3 +-
 arch/m68k/include/asm/uaccess.h                    |   3 +-
 arch/microblaze/include/asm/uaccess.h              |   3 +-
 arch/mips/include/asm/uaccess.h                    |   3 +-
 arch/nios2/include/asm/uaccess.h                   |   3 +-
 arch/openrisc/include/asm/uaccess.h                |   3 +-
 arch/parisc/include/asm/uaccess.h                  |   3 +-
 arch/riscv/kernel/image-vars.h                     |   9 +
 arch/s390/include/asm/uaccess.h                    |   3 +-
 arch/sh/include/asm/uaccess.h                      |   3 +-
 arch/sparc/include/asm/uaccess_32.h                |   3 +-
 arch/sparc/include/asm/uaccess_64.h                |   3 +-
 arch/um/include/asm/uaccess.h                      |   3 +-
 arch/xtensa/include/asm/uaccess.h                  |   3 +-
 certs/Kconfig                                      |  14 +-
 drivers/clocksource/arm_arch_timer.c               |   2 +
 drivers/cpuidle/poll_state.c                       |  21 +-
 drivers/soc/qcom/rpmh-rsc.c                        |   8 +-
 drivers/usb/usbip/usbip_common.h                   |  29 +-
 drivers/usb/usbip/vhci_rx.c                        |   4 +-
 drivers/usb/usbip/vhci_sysfs.c                     |   2 +-
 drivers/vhost/vhost.h                              |   2 +-
 fs/Kconfig                                         |   6 +-
 fs/fat/fat_test.c                                  |  33 ++
 fs/ocfs2/quota_local.c                             |   2 +-
 fs/proc/base.c                                     |  63 ++--
 fs/proc/generic.c                                  |  10 +-
 include/asm-generic/barrier.h                      |  95 ++++++
 include/asm-generic/uaccess.h                      |   3 +-
 include/linux/atomic.h                             |  10 +
 include/linux/atomic/atomic-long.h                 |  18 +-
 include/linux/codetag.h                            |   3 +-
 include/linux/init.h                               |   2 +-
 include/linux/kcov.h                               |  12 +-
 include/linux/sched/idle.h                         |  29 ++
 include/linux/skbuff.h                             |  14 +-
 include/linux/types.h                              |   6 +
 include/linux/uaccess.h                            |  25 +-
 init/Kconfig                                       |  24 +-
 kernel/bpf/rqspinlock.c                            |  77 +++--
 kernel/fork.c                                      |  11 +-
 kernel/kcov.c                                      |   6 +-
 kernel/taskstats.c                                 |  62 ++--
 lib/Kconfig                                        |   2 +-
 lib/Kconfig.debug                                  |  10 +
 lib/alloc_tag.c                                    |   8 +-
 lib/base64.c                                       |   5 +-
 lib/cmdline.c                                      |  30 +-
 lib/codetag.c                                      |  12 +-
 lib/idr.c                                          |  55 ++-
 lib/kstrtox.c                                      |  37 +-
 lib/seq_buf.c                                      |   1 +
 lib/test-kstrtox.c                                 |   6 +
 lib/test_ida.c                                     |  14 +
 lib/tests/Makefile                                 |   1 +
 lib/tests/barrier-timeout-test.c                   | 125 +++++++
 lib/tests/cmdline_kunit.c                          | 118 +++++++
 lib/tests/seq_buf_kunit.c                          |  34 ++
 lib/tests/string_helpers_kunit.c                   |  15 +-
 lib/usercopy.c                                     |   4 +-
 mm/Kconfig                                         |   4 +-
 rust/helpers/uaccess.c                             |   2 +-
 scripts/atomic/gen-atomic-long.sh                  |  16 +-
 scripts/checkpatch.pl                              |  47 ++-
 scripts/get_maintainer.pl                          |  71 ++--
 tools/accounting/getdelays.c                       |   8 +-
 tools/testing/selftests/acct/.gitignore            |   3 +-
 tools/testing/selftests/acct/Makefile              |   7 +-
 .../selftests/acct/taskstats_fill_stats_tgid.c     | 375 +++++++++++++++++++++
 tools/testing/selftests/filelock/.gitignore        |   1 +
 tools/testing/selftests/filelock/ofdlocks.c        |  94 +++---
 85 files changed, 1457 insertions(+), 550 deletions(-)
 create mode 100644 arch/arm64/include/asm/delay-const.h
 create mode 100644 lib/tests/barrier-timeout-test.c
 create mode 100644 tools/testing/selftests/acct/taskstats_fill_stats_tgid.c
 create mode 100644 tools/testing/selftests/filelock/.gitignore
Merging kbuild/kbuild-for-next (1722cfb4845f modpost: prevent stack buffer overflow in do_input_entry() and do_dmi_entry())
$ git merge -m Merge branch 'kbuild-for-next' of https://git.kernel.org/pub/scm/linux/kernel/git/kbuild/linux.git kbuild/kbuild-for-next
Merge made by the 'ort' strategy.
 Documentation/kbuild/makefiles.rst | 41 +++++++++++++----
 scripts/Makefile.modfinal          | 10 +----
 scripts/kconfig/conf.c             |  6 +--
 scripts/mod/file2alias.c           | 91 +++++++++++++++++++++++++++-----------
 4 files changed, 101 insertions(+), 47 deletions(-)
Merging clang-format/clang-format (8f0b4cce4481 Linux 6.19-rc1)
$ git merge -m Merge branch 'clang-format' of https://github.com/ojeda/linux.git clang-format/clang-format
Already up to date.
Merging perf/perf-tools-next (08d0d3466664 Merge tag 'net-7.1-rc2' of git://git.kernel.org/pub/scm/linux/kernel/git/netdev/net)
$ git merge -m Merge branch 'perf-tools-next' of https://git.kernel.org/pub/scm/linux/kernel/git/perf/perf-tools-next.git perf/perf-tools-next
Already up to date.
Merging compiler-attributes/compiler-attributes (8f0b4cce4481 Linux 6.19-rc1)
$ git merge -m Merge branch 'compiler-attributes' of https://github.com/ojeda/linux.git compiler-attributes/compiler-attributes
Already up to date.
Merging dma-mapping/dma-mapping-for-next (254f49634ee1 Linux 7.1-rc1)
$ git merge -m Merge branch 'dma-mapping-for-next' of https://git.kernel.org/pub/scm/linux/kernel/git/mszyprowski/linux.git dma-mapping/dma-mapping-for-next
Already up to date.
Merging asm-generic/master (adbbd9714f80 scripts: headers_install.sh: Remove config leak ignore machinery)
$ git merge -m Merge branch 'master' of https://git.kernel.org/pub/scm/linux/kernel/git/arnd/asm-generic asm-generic/master
Already up to date.
Merging nocache-cleanup/nocache-cleanup (809b997a5ce9 x86-64/arm64/powerpc: clean up and rename __copy_from_user_flushcache)
$ git merge -m Merge branch 'nocache-cleanup' of https://git.kernel.org/pub/scm/linux/kernel/git/torvalds/linux.git nocache-cleanup/nocache-cleanup
Already up to date.
Merging alpha/alpha-next (d58041d2c63e MAINTAINERS: Add Magnus Lindholm as maintainer for alpha port)
$ git merge -m Merge branch 'alpha-next' of https://git.kernel.org/pub/scm/linux/kernel/git/mattst88/alpha.git alpha/alpha-next
Already up to date.
Merging arm/for-next (c6e61c06d606 ARM: 9463/1: Allow to enable RT)
$ git merge -m Merge branch 'for-next' of https://git.kernel.org/pub/scm/linux/kernel/git/rmk/linux.git arm/for-next
Already up to date.
Merging arm64/for-next/core (858fbd7248bd Merge branch 'for-next/c1-pro-erratum-4193714' into for-next/core)
$ git merge -m Merge branch 'for-next/core' of https://git.kernel.org/pub/scm/linux/kernel/git/arm64/linux arm64/for-next/core
Already up to date.
Merging arm-perf/for-next/perf (47f06ebbe8da perf/arm-cmn: Fix resource_size_t printk specifier in arm_cmn_init_dtc())
$ git merge -m Merge branch 'for-next/perf' of https://git.kernel.org/pub/scm/linux/kernel/git/will/linux.git arm-perf/for-next/perf
Already up to date.
Merging arm-soc/for-next (65e1752b3f5b soc: document merges)
$ git merge -m Merge branch 'for-next' of https://git.kernel.org/pub/scm/linux/kernel/git/soc/soc.git arm-soc/for-next
Merge made by the 'ort' strategy.
 arch/arm/arm-soc-for-next-contents.txt | 23 +++++++++++++++++++++++
 1 file changed, 23 insertions(+)
 create mode 100644 arch/arm/arm-soc-for-next-contents.txt
Merging amlogic/for-next (8b379d5e9eb7 Merge branch 'v7.2/arm64-dt' into for-next)
$ git merge -m Merge branch 'for-next' of https://git.kernel.org/pub/scm/linux/kernel/git/amlogic/linux.git amlogic/for-next
Merge made by the 'ort' strategy.
 .../dts/amlogic/amlogic-t7-a311d2-khadas-vim4.dts  | 199 +++++++++
 arch/arm64/boot/dts/amlogic/amlogic-t7.dtsi        | 464 +++++++++++++++++++++
 .../dts/amlogic/meson-gxl-s905d-phicomm-n1.dts     |  15 +
 .../dts/amlogic/meson-s4-s905y4-khadas-vim1s.dts   |  81 ++++
 arch/arm64/boot/dts/amlogic/meson-s4.dtsi          |  45 ++
 5 files changed, 804 insertions(+)
Merging asahi-soc/asahi-soc/for-next (d31647c698f6 Merge branch 'apple-soc/drivers-6.20' into asahi-soc/for-next)
$ git merge -m Merge branch 'asahi-soc/for-next' of https://github.com/AsahiLinux/linux.git asahi-soc/asahi-soc/for-next
Merge made by the 'ort' strategy.
Merging at91/at91-next (c96e60ae720a Merge branch 'at91-dt' into at91-next)
$ git merge -m Merge branch 'at91-next' of https://git.kernel.org/pub/scm/linux/kernel/git/at91/linux.git at91/at91-next
Merge made by the 'ort' strategy.
Merging bmc/for-next (b333a0f1c857 soc: aspeed: cleanup dead default for ASPEED_SOCINFO)
$ git merge -m Merge branch 'for-next' of https://git.kernel.org/pub/scm/linux/kernel/git/bmc/linux.git bmc/for-next
Merge made by the 'ort' strategy.
 drivers/soc/aspeed/Kconfig | 1 -
 1 file changed, 1 deletion(-)
Merging broadcom/next (ddfdca13def5 Merge branch 'devicetree-arm64/next' into next)
$ git merge -m Merge branch 'next' of https://github.com/Broadcom/stblinux.git broadcom/next
Merge made by the 'ort' strategy.
Merging cix/for-next (517d8fc52f3c arm64: defconfig: Enable CIX Sky1 pinctrl, PCIe host, and Cadence GPIO)
$ git merge -m Merge branch 'for-next' of https://git.kernel.org/pub/scm/linux/kernel/git/peter.chen/cix.git cix/for-next
Auto-merging arch/arm64/configs/defconfig
Merge made by the 'ort' strategy.
 arch/arm64/configs/defconfig | 3 +++
 1 file changed, 3 insertions(+)
Merging davinci/davinci/for-next (254f49634ee1 Linux 7.1-rc1)
$ git merge -m Merge branch 'davinci/for-next' of https://git.kernel.org/pub/scm/linux/kernel/git/brgl/linux.git davinci/davinci/for-next
Already up to date.
Merging drivers-memory/for-next (907ef6a1baf0 memory: tegra: Add Tegra238 MC support)
$ git merge -m Merge branch 'for-next' of https://git.kernel.org/pub/scm/linux/kernel/git/krzk/linux-mem-ctrl.git drivers-memory/for-next
Merge made by the 'ort' strategy.
 .../memory-controllers/nvidia,tegra186-mc.yaml     |  31 ++
 drivers/memory/atmel-ebi.c                         |   3 +-
 drivers/memory/tegra/Kconfig                       |   6 +
 drivers/memory/tegra/Makefile                      |   2 +
 drivers/memory/tegra/mc.c                          |  40 ++-
 drivers/memory/tegra/mc.h                          |   9 +
 drivers/memory/tegra/tegra-emc-common.c            | 143 ++++++++
 drivers/memory/tegra/tegra-emc-common.h            |  46 +++
 drivers/memory/tegra/tegra124-emc.c                | 107 +-----
 drivers/memory/tegra/tegra186.c                    |   4 +-
 drivers/memory/tegra/tegra20-emc.c                 | 110 +-----
 drivers/memory/tegra/tegra234.c                    |   2 +-
 drivers/memory/tegra/tegra238.c                    | 391 +++++++++++++++++++++
 drivers/memory/tegra/tegra30-emc.c                 | 107 +-----
 include/dt-bindings/memory/nvidia,tegra238-mc.h    |  74 ++++
 include/soc/tegra/mc.h                             |   2 +-
 16 files changed, 759 insertions(+), 318 deletions(-)
 create mode 100644 drivers/memory/tegra/tegra-emc-common.c
 create mode 100644 drivers/memory/tegra/tegra-emc-common.h
 create mode 100644 drivers/memory/tegra/tegra238.c
 create mode 100644 include/dt-bindings/memory/nvidia,tegra238-mc.h
Merging fsl/soc_fsl (c99d8ac7b355 bus: fsl-mc: wait for the MC firmware to complete its boot)
$ git merge -m Merge branch 'soc_fsl' of https://git.kernel.org/pub/scm/linux/kernel/git/chleroy/linux.git fsl/soc_fsl
Merge made by the 'ort' strategy.
 drivers/base/platform-msi.c                 |   4 -
 drivers/bus/fsl-mc/dprc-driver.c            |  14 +--
 drivers/bus/fsl-mc/fsl-mc-bus.c             |  50 ++++++++-
 drivers/bus/fsl-mc/fsl-mc-msi.c             | 166 +++++----------------------
 drivers/bus/fsl-mc/fsl-mc-private.h         |   2 +-
 drivers/irqchip/Kconfig                     |   6 -
 drivers/irqchip/Makefile                    |   1 -
 drivers/irqchip/irq-gic-its-msi-parent.c    |   7 +-
 drivers/irqchip/irq-gic-v3-its-fsl-mc-msi.c | 168 ----------------------------
 drivers/soc/fsl/qe/qe.c                     |   3 +
 drivers/soc/fsl/qe/qe_ports_ic.c            |  23 ++--
 include/linux/fsl/mc.h                      |   6 +-
 include/linux/irqdomain_defs.h              |   1 -
 include/uapi/linux/fsl_hypervisor.h         |   4 +-
 14 files changed, 106 insertions(+), 349 deletions(-)
 delete mode 100644 drivers/irqchip/irq-gic-v3-its-fsl-mc-msi.c
Merging imx-mxs/for-next (06856fe10891 Merge branches 'imx/bindings', 'imx/dt', 'imx/dt64', 'imx/fixes' and 'imx/soc' into for-next)
$ git merge -m Merge branch 'for-next' of https://git.kernel.org/pub/scm/linux/kernel/git/frank.li/linux.git imx-mxs/for-next
Merge made by the 'ort' strategy.
Merging mediatek/for-next (e6490a169f6d Merge branch 'v7.0-next/dts64' into for-next)
$ git merge -m Merge branch 'for-next' of https://git.kernel.org/pub/scm/linux/kernel/git/mediatek/linux.git mediatek/for-next
Merge made by the 'ort' strategy.
Merging mvebu/for-next (ae4fe907b770 Merge branch 'mvebu/dt64' into mvebu/for-next)
$ git merge -m Merge branch 'for-next' of https://git.kernel.org/pub/scm/linux/kernel/git/gclement/mvebu.git mvebu/for-next
Merge made by the 'ort' strategy.
Merging omap/for-next (7889b194a15e Merge branch 'omap-for-v7.1/soc' into tmp/omap-next-20260331.171532)
$ git merge -m Merge branch 'for-next' of https://git.kernel.org/pub/scm/linux/kernel/git/khilman/linux-omap.git omap/for-next
Merge made by the 'ort' strategy.
Merging qcom/for-next (254f49634ee1 Linux 7.1-rc1)
$ git merge -m Merge branch 'for-next' of https://git.kernel.org/pub/scm/linux/kernel/git/qcom/linux.git qcom/for-next
Already up to date.
Merging renesas/next (4c19caa91a1e Merge branch 'renesas-drivers-for-v7.2' into renesas-next)
$ git merge -m Merge branch 'next' of https://git.kernel.org/pub/scm/linux/kernel/git/geert/renesas-devel.git renesas/next
Merge made by the 'ort' strategy.
 .../bindings/clock/renesas,cpg-clocks.yaml         |   6 +-
 .../soc/renesas/renesas,r8a78000-mfis.yaml         | 187 +++++++++++
 arch/arm/boot/dts/renesas/r8a7740.dtsi             | 116 ++++++-
 arch/arm64/boot/dts/renesas/r9a07g043.dtsi         |   1 +
 arch/arm64/boot/dts/renesas/r9a07g044.dtsi         |   1 +
 arch/arm64/boot/dts/renesas/r9a07g054.dtsi         |   1 +
 arch/arm64/boot/dts/renesas/r9a08g045.dtsi         |   1 +
 arch/arm64/boot/dts/renesas/r9a09g047.dtsi         |   1 +
 arch/arm64/boot/dts/renesas/r9a09g056.dtsi         |   1 +
 arch/arm64/boot/dts/renesas/r9a09g057.dtsi         |   1 +
 drivers/soc/renesas/Kconfig                        |   9 +
 drivers/soc/renesas/Makefile                       |   1 +
 drivers/soc/renesas/r9a08g045-sysc.c               |  41 ++-
 drivers/soc/renesas/r9a08g046-sysc.c               |  31 +-
 drivers/soc/renesas/r9a09g047-sys.c                |  42 +--
 drivers/soc/renesas/r9a09g056-sys.c                |  41 ++-
 drivers/soc/renesas/r9a09g057-sys.c                |  52 ++--
 drivers/soc/renesas/rcar-mfis.c                    | 344 +++++++++++++++++++++
 drivers/soc/renesas/renesas-soc.c                  |   8 +-
 include/dt-bindings/clock/r8a7740-clock.h          |   2 +
 include/dt-bindings/soc/renesas,r8a78000-mfis.h    |  28 ++
 21 files changed, 784 insertions(+), 131 deletions(-)
 create mode 100644 Documentation/devicetree/bindings/soc/renesas/renesas,r8a78000-mfis.yaml
 create mode 100644 drivers/soc/renesas/rcar-mfis.c
 create mode 100644 include/dt-bindings/soc/renesas,r8a78000-mfis.h
Merging reset/reset/next (d373605cd514 Merge tag 'reset-fixes-for-v7.0-2' into reset/next)
$ git merge -m Merge branch 'reset/next' of https://git.pengutronix.de/git/pza/linux reset/reset/next
Already up to date.
Merging rockchip/for-next (3fe8502644c4 Merge branch 'v7.2-clk/next' into for-next)
$ git merge -m Merge branch 'for-next' of https://git.kernel.org/pub/scm/linux/kernel/git/mmind/linux-rockchip.git rockchip/for-next
Auto-merging MAINTAINERS
Merge made by the 'ort' strategy.
 MAINTAINERS                                        |   2 +
 .../dts/rockchip/rk3288-veyron-analog-audio.dtsi   |   2 -
 arch/arm64/boot/dts/rockchip/px30-cobra.dtsi       |   2 +-
 arch/arm64/boot/dts/rockchip/px30-ringneck.dtsi    |   2 +-
 arch/arm64/boot/dts/rockchip/rk3568-nanopi-r5s.dts |   6 +-
 arch/arm64/boot/dts/rockchip/rk3568-rock-3b.dts    |  20 +-
 .../boot/dts/rockchip/rk3576-khadas-edge-2l.dts    | 466 +++++++++++++++++++++
 arch/arm64/boot/dts/rockchip/rk3576.dtsi           |   6 +-
 arch/arm64/boot/dts/rockchip/rk3588-base.dtsi      |  12 +-
 arch/arm64/boot/dts/rockchip/rk3588-rock-5-itx.dts |  35 +-
 drivers/clk/rockchip/clk-rk3588.c                  |  16 +
 drivers/clk/rockchip/clk.c                         |  25 +-
 drivers/clk/rockchip/clk.h                         |   3 +
 include/dt-bindings/clock/rockchip,rk3588-cru.h    |   4 +
 include/soc/rockchip/rk3588_grf.h                  |   2 +
 15 files changed, 579 insertions(+), 24 deletions(-)
Merging samsung-krzk/for-next (47d4dc90181c arm64: dts: exynos850: Add syscon-poweroff node)
$ git merge -m Merge branch 'for-next' of https://git.kernel.org/pub/scm/linux/kernel/git/krzk/linux.git samsung-krzk/for-next
Merge made by the 'ort' strategy.
 arch/arm64/boot/dts/exynos/exynos850.dtsi | 7 +++++++
 1 file changed, 7 insertions(+)
Merging scmi/for-linux-next (1cd8f768fc79 Merge branches 'for-next/scmi/updates' and 'for-next/ffa/fixes' of ssh://gitolite.kernel.org/pub/scm/linux/kernel/git/sudeep.holla/linux into for-linux-next)
$ git merge -m Merge branch 'for-linux-next' of https://git.kernel.org/pub/scm/linux/kernel/git/sudeep.holla/linux.git scmi/for-linux-next
Merge made by the 'ort' strategy.
 drivers/clk/clk-scmi.c                             |  48 +---
 drivers/firmware/arm_ffa/bus.c                     |   4 +-
 drivers/firmware/arm_ffa/driver.c                  | 146 +++++++---
 drivers/firmware/arm_scmi/base.c                   |  10 +-
 drivers/firmware/arm_scmi/clock.c                  | 301 ++++++++++++++++-----
 drivers/firmware/arm_scmi/common.h                 |   2 +-
 drivers/firmware/arm_scmi/driver.c                 |  98 ++++---
 drivers/firmware/arm_scmi/protocols.h              |  13 +-
 drivers/firmware/arm_scmi/quirks.c                 |  17 +-
 .../firmware/arm_scmi/vendors/imx/imx-sm-misc.c    |  86 ++++++
 drivers/firmware/imx/sm-misc.c                     |  73 +++++
 include/linux/scmi_imx_protocol.h                  |  14 +
 include/linux/scmi_protocol.h                      |  35 ++-
 13 files changed, 626 insertions(+), 221 deletions(-)
Merging sophgo/for-next (9aa6068586a9 Merge branch 'dt/riscv' into for-next)
$ git merge -m Merge branch 'for-next' of https://github.com/sophgo/linux.git sophgo/for-next
Merge made by the 'ort' strategy.
 arch/riscv/boot/dts/sophgo/cv180x.dtsi | 2 +-
 1 file changed, 1 insertion(+), 1 deletion(-)
Merging sophgo-soc/soc-for-next (c8754c7deab4 soc: sophgo: cv1800: rtcsys: New driver (handling RTC only))
$ git merge -m Merge branch 'soc-for-next' of https://github.com/sophgo/linux.git sophgo-soc/soc-for-next
Already up to date.
Merging spacemit/for-next (e3e433dd9aa0 riscv: dts: spacemit: Enable USB3.0/PCIe on OrangePi RV2)
$ git merge -m Merge branch 'for-next' of https://github.com/spacemit-com/linux spacemit/for-next
Merge made by the 'ort' strategy.
 .../devicetree/bindings/riscv/spacemit.yaml        |   1 +
 arch/riscv/boot/dts/spacemit/Makefile              |   1 +
 arch/riscv/boot/dts/spacemit/k1-orangepi-rv2.dts   | 217 +++++++++++++++++++++
 .../dts/spacemit/k3-deepcomputing-fml13v05.dts     |  31 +++
 4 files changed, 250 insertions(+)
 create mode 100644 arch/riscv/boot/dts/spacemit/k3-deepcomputing-fml13v05.dts
Merging stm32/stm32-next (515aa8b11884 arm64: defconfig: Enable STMicroelectronics STM32 display support)
  0703ca750758 ("bus: rifsc: fix RIF configuration check for peripherals")
  0a31f03927fc ("arm64: dts: st: enable display support on stm32mp235f-dk board")
  0d1a0d318cea ("arm64: dts: st: add bootph-all in bsec node to stm32mp215f-dk")
  0e49e8c9c884 ("arm64: dts: st: add bsec support to stm32mp21")
  11f2710b5432 ("dt-bindings: document access-controllers property for coresight peripherals")
  1616ffad96e7 ("arm: dts: stm32: enable the debug bus on stm32mp1x boards")
  1dd6f0f02626 ("ARM: dts: stm32: fix misalignments in nodes of stm32mp131")
  3113bc7b70dd ("drivers: bus: add the stm32 debug bus driver")
  3284bf311824 ("ARM: dts: stm32: Add DT overlays for DH STM32MP13xx/STM32MP15xx DHSOM")
  33045a4a82cf ("arm64: dts: st: describe i2c2 / i2c8 on stm32mp257f-dk")
  42a140165535 ("arm64: dts: st: add clock-cells to syscfg node on stm32mp231")
  466b874374ce ("arm64: dts: st: add ltdc support on stm32mp231")
  485b0efaba64 ("arm64: dts: st: omit unused pinctrl groups from stm32mp25 dtb files")
  48d80ef5ac5c ("arm: dts: stm32: enable CoreSight on stm32mp15xx-dkx boards")
  48e130bf4d2e ("arm: dts: stm32: introduce the debug bus for stm32mp1x platforms")
  5123bf39e2f1 ("arm64: dts: st: add lvds support on stm32mp235")
  515aa8b11884 ("arm64: defconfig: Enable STMicroelectronics STM32 display support")
  6186c740c8e4 ("ARM: dts: stm32: remove i2c dma properties in stm32mp157c-ev1")
  636b6888c32c ("dt-bindings: pinctrl: document access-controllers property for stm32 HDP")
  6530c7f2f19a ("bus: rifsc: Replace snprintf("%s") with strscpy")
  6e50bb41da19 ("bus: stm32_firewall: allow check on different firewall controllers")
  8c0ca683b718 ("bus: stm32_firewall: Simplify with scoped for each OF child loop")
  906cc7936997 ("ARM: dts: stm32: update i2c nodes interrupt/wakeup-source in stm32mp131")
  91fc6119e3d3 ("arm64: dts: st: update i2c nodes interrupt/wakeup-source in stm32mp231")
  a4b565bfa3cd ("bus: stm32_firewall: add stm32_firewall_get_grant_all_access() API")
  a677006e22ba ("ARM: dts: stm32: fix misalignments in nodes of stm32mp151")
  ac5e657a40e8 ("arm64: dts: st: add i2c2 pinmux nodes in stm32mp25-pinctrl.dtsi")
  b416f939c8b9 ("arm: dts: stm32: enable CoreSight on the stm32mp157c-ev1 board")
  b6af4f8c4e55 ("arm: dts: stm32: enable CoreSight on the stm32mp135f-dk board")
  c1e210860331 ("pinctrl: stm32: add firewall checks before probing the HDP driver")
  c511679834fa ("arm64: dts: st: enable display support on stm32mp257f-dk board")
  d057c2eede54 ("dt-bindings: bus: document the stm32 debug bus")
  d61dc12e8886 ("arm64: dts: st: disable DMA usage for i2c on stm32mp257f-ev1")
  da74ab444615 ("arm64: dts: st: describe power supplies for stm32mp235f-dk board")
  e525aabfa128 ("arm64: dts: st: update i2c nodes interrupt/wakeup-source in stm32mp251")
  e92d110cbe9d ("arm64: dts: st: describe i2c2 / i2c8 on stm32mp235f-dk")
  f186ad2d8e07 ("ARM: dts: stm32: update i2c nodes interrupt/dma in stm32mp151")
  f5abd213b30b ("arm64: dts: st: add ltdc support on stm32mp235")
  fe2e7a50196c ("arm64: dts: st: describe power supplies for stm32mp257f-dk board")
  fed93ef2b23c ("bus: firewall: move stm32_firewall header file in include folder")
$ git merge -m Merge branch 'stm32-next' of https://git.kernel.org/pub/scm/linux/kernel/git/atorgue/stm32.git stm32/stm32-next
Auto-merging MAINTAINERS
Auto-merging arch/arm64/configs/defconfig
Auto-merging drivers/bus/Kconfig
Auto-merging drivers/bus/Makefile
Merge made by the 'ort' strategy.
Merging sunxi/sunxi/for-next (8245c3d4c671 Merge branches 'sunxi/drivers-for-7.2' and 'sunxi/dt-for-7.2' into sunxi/for-next)
$ git merge -m Merge branch 'sunxi/for-next' of https://git.kernel.org/pub/scm/linux/kernel/git/sunxi/linux.git sunxi/sunxi/for-next
Merge made by the 'ort' strategy.
 .../sram/allwinner,sun4i-a10-system-control.yaml   |   5 +-
 Documentation/devicetree/bindings/sram/sram.yaml   |   1 +
 arch/arm64/boot/dts/allwinner/sun50i-h616.dtsi     |  28 ++-
 drivers/soc/sunxi/sunxi_sram.c                     | 196 +++++++++++++--------
 4 files changed, 151 insertions(+), 79 deletions(-)
Merging tee/next (31b40993bf57 Merge branches 'optee_fix_for_v7.0', 'tee_fix_for_v7.1', 'tee_shm_fix_for_v7.1' and 'optee_for_v7.2' into next)
$ git merge -m Merge branch 'next' of https://git.kernel.org/pub/scm/linux/kernel/git/jenswi/linux-tee.git tee/next
Merge made by the 'ort' strategy.
 drivers/tee/optee/call.c          |   3 +-
 drivers/tee/optee/optee_msg.h     |  50 +++++++++-------
 drivers/tee/optee/optee_private.h | 120 ++++++++++++++++++++------------------
 drivers/tee/optee/supp.c          | 107 ++++++++++++++++++++++-----------
 drivers/tee/tee_shm.c             |   2 +-
 include/uapi/linux/tee.h          |   1 +
 6 files changed, 170 insertions(+), 113 deletions(-)
Merging tegra/for-next (20e4d2163a23 Merge branch for-7.2/arm64/dt into for-next)
$ git merge -m Merge branch 'for-next' of https://git.kernel.org/pub/scm/linux/kernel/git/tegra/linux.git tegra/for-next
Merge made by the 'ort' strategy.
 arch/arm64/boot/dts/nvidia/tegra194.dtsi |  9 +++++++++
 arch/arm64/boot/dts/nvidia/tegra234.dtsi | 24 ++++++++++++++++++++----
 drivers/bus/tegra-aconnect.c             | 14 ++++++--------
 3 files changed, 35 insertions(+), 12 deletions(-)
Merging tenstorrent-dt/tenstorrent-dt-for-next (ad3cb8132313 riscv: dts: tenstorrent: Add PMU node to blackhole for Linux perf support)
$ git merge -m Merge branch 'tenstorrent-dt-for-next' of https://git.kernel.org/pub/scm/linux/kernel/git/tenstorrent/linux.git tenstorrent-dt/tenstorrent-dt-for-next
Merge made by the 'ort' strategy.
 arch/riscv/boot/dts/tenstorrent/blackhole.dtsi | 48 ++++++++++++++++++++++++++
 1 file changed, 48 insertions(+)
Merging thead-dt/thead-dt-for-next (74ec3d52c003 riscv: dts: thead: beaglev-ahead: enable HDMI output)
$ git merge -m Merge branch 'thead-dt-for-next' of https://git.kernel.org/pub/scm/linux/kernel/git/fustini/linux.git thead-dt/thead-dt-for-next
Already up to date.
Merging ti/ti-next (254f49634ee1 Linux 7.1-rc1)
$ git merge -m Merge branch 'ti-next' of https://git.kernel.org/pub/scm/linux/kernel/git/ti/linux.git ti/ti-next
Already up to date.
Merging xilinx/for-next (fdee7c66c0d7 soc: xilinx: Shutdown and free rx mailbox channel)
$ git merge -m Merge branch 'for-next' of https://github.com/Xilinx/linux-xlnx.git xilinx/for-next
Merge made by the 'ort' strategy.
 drivers/soc/xilinx/zynqmp_power.c | 47 +++++++++++++++++----------------------
 1 file changed, 20 insertions(+), 27 deletions(-)
Merging socfpga/for-next (b5a0814a2cbb ARM: dts: socfpga: remove the reg property in the pmu)
$ git merge -m Merge branch 'for-next' of https://git.kernel.org/pub/scm/linux/kernel/git/dinguyen/linux.git socfpga/for-next
Merge made by the 'ort' strategy.
 Documentation/devicetree/bindings/arm/altera.yaml  |   6 ++
 arch/arm/boot/dts/intel/socfpga/socfpga.dtsi       |   4 +-
 .../boot/dts/intel/socfpga/socfpga_arria10.dtsi    |   4 +-
 arch/arm64/boot/dts/intel/Makefile                 |   1 +
 .../boot/dts/intel/socfpga_agilex7m_socdk.dts      | 103 +++++++++++++++++++++
 5 files changed, 112 insertions(+), 6 deletions(-)
 create mode 100644 arch/arm64/boot/dts/intel/socfpga_agilex7m_socdk.dts
Merging clk/clk-next (9781f9635d69 Merge branch 'clk-fixes' into clk-next)
$ git merge -m Merge branch 'clk-next' of https://git.kernel.org/pub/scm/linux/kernel/git/clk/linux.git clk/clk-next
Merge made by the 'ort' strategy.
 .../devicetree/bindings/clock/marvell,pxa1908.yaml | 34 ++++++---
 drivers/clk/bcm/clk-iproc-asiu.c                   | 27 +++-----
 drivers/clk/clk-axi-clkgen.c                       |  5 +-
 drivers/clk/clk-bulk.c                             | 14 ++--
 drivers/clk/clk-max77686.c                         | 32 ++++-----
 drivers/clk/hisilicon/clk.c                        |  4 +-
 drivers/clk/hisilicon/clkdivider-hi6220.c          | 26 +++----
 drivers/clk/mediatek/clk-mt7988-infracfg.c         | 80 ++++++++++------------
 drivers/clk/mediatek/clk-mt8192.c                  |  4 +-
 drivers/clk/mediatek/clk-mux.h                     |  5 ++
 drivers/clk/mmp/clk-pxa1908-apbc.c                 | 58 ++++++++++++----
 drivers/clk/mmp/clk-pxa1908-apbcp.c                | 31 ++++++++-
 drivers/clk/mvebu/common.c                         | 21 +++---
 drivers/clk/nxp/clk-lpc18xx-ccu.c                  | 14 ++--
 drivers/clk/visconti/pll.c                         | 17 ++---
 include/linux/adi-axi-common.h                     |  2 +
 16 files changed, 210 insertions(+), 164 deletions(-)
Merging clk-imx/for-next (d16f57caa787 clk: imx8mq: Correct the CSI PHY sels)
$ git merge -m Merge branch 'for-next' of https://git.kernel.org/pub/scm/linux/kernel/git/abelvesa/linux.git clk-imx/for-next
Already up to date.
Merging clk-renesas/renesas-clk (6edb69b80804 Merge tag 'clk-renesas-rzg3e-plldsi-tag' into renesas-clk-for-v7.2)
$ git merge -m Merge branch 'renesas-clk' of https://git.kernel.org/pub/scm/linux/kernel/git/geert/renesas-drivers.git clk-renesas/renesas-clk
Merge made by the 'ort' strategy.
 drivers/clk/renesas/clk-r8a7740.c   |   2 +
 drivers/clk/renesas/r9a08g046-cpg.c | 217 ++++++++++++++++++++++++++++++++++++
 drivers/clk/renesas/r9a09g047-cpg.c |  84 ++++++++++++++
 drivers/clk/renesas/r9a09g077-cpg.c |   1 +
 drivers/clk/renesas/rzg2l-cpg.c     |  70 +++++++++++-
 drivers/clk/renesas/rzg2l-cpg.h     |  10 ++
 drivers/clk/renesas/rzv2h-cpg.c     | 181 ++++++++++++++++++++++++++++++
 drivers/clk/renesas/rzv2h-cpg.h     |  12 ++
 include/linux/clk/renesas.h         |  20 ++++
 9 files changed, 594 insertions(+), 3 deletions(-)
Merging thead-clk/thead-clk-for-next (baf4fc7c03bd clk: thead: th1520-ap: Support CPU frequency scaling)
$ git merge -m Merge branch 'thead-clk-for-next' of https://git.kernel.org/pub/scm/linux/kernel/git/fustini/linux.git thead-clk/thead-clk-for-next
Already up to date.
Merging tenstorrent-clk/tenstorrent-clk-for-next (23c8ebc95284 clk: tenstorrent: Add Atlantis clock controller driver)
$ git merge -m Merge branch 'tenstorrent-clk-for-next' of https://git.kernel.org/pub/scm/linux/kernel/git/tenstorrent/linux.git tenstorrent-clk/tenstorrent-clk-for-next
Already up to date.
Merging csky/linux-next (817d21578d51 csky: Remove compile warning for CONFIG_SMP)
$ git merge -m Merge branch 'linux-next' of https://github.com/c-sky/csky-linux.git csky/linux-next
Already up to date.
Merging loongarch/loongarch-next (5a873d77ba79 LoongArch: KVM: Move unconditional delay into timer clear scenery)
$ git merge -m Merge branch 'loongarch-next' of https://git.kernel.org/pub/scm/linux/kernel/git/chenhuacai/linux-loongson.git loongarch/loongarch-next
Merge made by the 'ort' strategy.
 arch/loongarch/Kbuild                          |  2 +-
 arch/loongarch/Kconfig                         |  1 +
 arch/loongarch/Makefile                        |  2 ++
 arch/loongarch/include/asm/asm-prototypes.h    | 20 +++++++++++++++
 arch/loongarch/include/asm/kvm_host.h          |  3 ---
 arch/loongarch/include/asm/linkage.h           |  2 +-
 arch/loongarch/include/asm/vdso/gettimeofday.h |  6 -----
 arch/loongarch/kvm/Makefile                    |  3 ++-
 arch/loongarch/kvm/exit.c                      |  1 +
 arch/loongarch/kvm/interrupt.c                 | 34 +++++++++++++++++--------
 arch/loongarch/kvm/main.c                      | 35 +++-----------------------
 arch/loongarch/kvm/mmu.c                       |  2 +-
 arch/loongarch/kvm/switch.S                    | 22 +++++++++++-----
 arch/loongarch/kvm/timer.c                     | 10 ++++++--
 arch/loongarch/kvm/vm.c                        |  2 +-
 arch/loongarch/pci/acpi.c                      |  5 ++++
 arch/loongarch/pci/pci.c                       |  3 +++
 arch/loongarch/vdso/Makefile                   |  2 ++
 18 files changed, 90 insertions(+), 65 deletions(-)
Merging m68k/for-next (0ad7ed2f5a29 drivers: dio: use tabs and avoid continuation logging in dio_init)
$ git merge -m Merge branch 'for-next' of https://git.kernel.org/pub/scm/linux/kernel/git/geert/linux-m68k.git m68k/for-next
Merge made by the 'ort' strategy.
 drivers/dio/dio.c           | 15 ++++++++-------
 drivers/nubus/nubus.c       | 19 ++++++++-----------
 drivers/zorro/zorro-sysfs.c | 15 ++++++++-------
 3 files changed, 24 insertions(+), 25 deletions(-)
Merging m68knommu/for-next (b1ab4bea7704 m68k: coldfire: use ColdFire specifc IO access in SoC code)
$ git merge -m Merge branch 'for-next' of https://git.kernel.org/pub/scm/linux/kernel/git/gerg/m68knommu.git m68knommu/for-next
Merge made by the 'ort' strategy.
 arch/m68k/Kconfig.cpu                 |   1 +
 arch/m68k/Kconfig.machine             |   8 +--
 arch/m68k/coldfire/amcore.c           |   4 +-
 arch/m68k/coldfire/clk.c              |   8 +--
 arch/m68k/coldfire/device.c           |   8 +--
 arch/m68k/coldfire/dma_timer.c        |  12 ++--
 arch/m68k/coldfire/intc-2.c           |  30 ++++-----
 arch/m68k/coldfire/intc-5249.c        |  10 +--
 arch/m68k/coldfire/intc-525x.c        |  12 ++--
 arch/m68k/coldfire/intc-5272.c        |  20 +++---
 arch/m68k/coldfire/intc-simr.c        |  38 +++++------
 arch/m68k/coldfire/intc.c             |  28 ++++----
 arch/m68k/coldfire/m5206.c            |   2 +-
 arch/m68k/coldfire/m520x.c            |  26 ++++----
 arch/m68k/coldfire/m523x.c            |  12 ++--
 arch/m68k/coldfire/m5249.c            |  16 ++---
 arch/m68k/coldfire/m525x.c            |  12 ++--
 arch/m68k/coldfire/m5272.c            |  16 ++---
 arch/m68k/coldfire/m527x.c            |  40 +++++------
 arch/m68k/coldfire/m528x.c            |  28 ++++----
 arch/m68k/coldfire/m5307.c            |   2 +-
 arch/m68k/coldfire/m53xx.c            | 122 +++++++++++++++++-----------------
 arch/m68k/coldfire/m5407.c            |   2 +-
 arch/m68k/coldfire/m5441x.c           |  12 ++--
 arch/m68k/coldfire/m54xx.c            |  18 ++---
 arch/m68k/coldfire/nettel.c           |  16 ++---
 arch/m68k/coldfire/pci.c              |  56 ++++++++--------
 arch/m68k/coldfire/pit.c              |  20 +++---
 arch/m68k/coldfire/reset.c            |   4 +-
 arch/m68k/coldfire/sltimers.c         |  18 ++---
 arch/m68k/coldfire/stmark2.c          |  16 ++---
 arch/m68k/coldfire/timers.c           |  30 ++++-----
 arch/m68k/configs/m5208evb_defconfig  |   9 +--
 arch/m68k/configs/m5249evb_defconfig  |   9 +--
 arch/m68k/configs/m5272c3_defconfig   |   9 +--
 arch/m68k/configs/m5275evb_defconfig  |   9 +--
 arch/m68k/configs/m5307c3_defconfig   |  10 +--
 arch/m68k/configs/m5329evb_defconfig  |  61 +++++++++++++++++
 arch/m68k/configs/m5407c3_defconfig   |   9 ++-
 arch/m68k/configs/m54418evb_defconfig |  70 +++++++++++++++++++
 arch/m68k/configs/m5475evb_defconfig  |  12 ++--
 arch/m68k/configs/nettel_defconfig    |  56 ++++++++++++++++
 arch/m68k/configs/stmark2_defconfig   |  33 +++++----
 arch/m68k/include/asm/io_no.h         |  16 +++++
 arch/m68k/include/asm/mcfgpio.h       |  12 ++--
 arch/m68k/include/asm/nettel.h        |   4 +-
 46 files changed, 590 insertions(+), 376 deletions(-)
 create mode 100644 arch/m68k/configs/m5329evb_defconfig
 create mode 100644 arch/m68k/configs/m54418evb_defconfig
 create mode 100644 arch/m68k/configs/nettel_defconfig
Merging microblaze/next (6de23f81a5e0 Linux 7.0-rc1)
$ git merge -m Merge branch 'next' of git://git.monstr.eu/linux-2.6-microblaze.git microblaze/next
Already up to date.
Merging mips/mips-next (254f49634ee1 Linux 7.1-rc1)
$ git merge -m Merge branch 'mips-next' of https://git.kernel.org/pub/scm/linux/kernel/git/mips/linux.git mips/mips-next
Already up to date.
Merging openrisc/for-next (0dfffa5479d6 openrisc: define arch-specific version of nop())
$ git merge -m Merge branch 'for-next' of https://github.com/openrisc/linux.git openrisc/for-next
Already up to date.
Merging parisc-hd/for-next (37b0dc5e279f parisc: Fix IRQ leak in LASI driver)
$ git merge -m Merge branch 'for-next' of https://git.kernel.org/pub/scm/linux/kernel/git/deller/parisc-linux.git parisc-hd/for-next
Merge made by the 'ort' strategy.
 arch/parisc/Makefile           | 16 +++++++++++-----
 arch/parisc/include/asm/vdso.h |  7 ++++---
 arch/parisc/kernel/Makefile    |  7 +++++--
 arch/parisc/kernel/drivers.c   | 21 ++++++++++-----------
 drivers/parisc/lasi.c          | 12 ++++++++----
 drivers/parisc/led.c           |  6 ++----
 6 files changed, 40 insertions(+), 29 deletions(-)
Merging powerpc/next (7fd2df204f34 Linux 7.1-rc2)
$ git merge -m Merge branch 'next' of https://git.kernel.org/pub/scm/linux/kernel/git/powerpc/linux.git powerpc/next
Already up to date.
Merging risc-v/for-next (f2abc305aa93 riscv: Define __riscv_copy_{,vec_}{words,bytes}_unaligned() using SYM_TYPED_FUNC_START)
$ git merge -m Merge branch 'for-next' of https://git.kernel.org/pub/scm/linux/kernel/git/riscv/linux.git risc-v/for-next
Already up to date.
Merging riscv-dt/riscv-dt-for-next (ae488e2669f3 riscv: dts: microchip: sort pic64gx i2c nodes alphanumerically)
$ git merge -m Merge branch 'riscv-dt-for-next' of https://git.kernel.org/pub/scm/linux/kernel/git/conor/linux.git riscv-dt/riscv-dt-for-next
Merge made by the 'ort' strategy.
 .../boot/dts/microchip/pic64gx-curiosity-kit.dts   | 63 +++++++++++++---------
 arch/riscv/boot/dts/microchip/pic64gx.dtsi         | 40 +++++++++++---
 2 files changed, 70 insertions(+), 33 deletions(-)
Merging riscv-soc/riscv-soc-for-next (b5865650b209 Merge branch 'riscv-soc-drivers-for-next' into riscv-soc-for-next)
$ git merge -m Merge branch 'riscv-soc-for-next' of https://git.kernel.org/pub/scm/linux/kernel/git/conor/linux.git riscv-soc/riscv-soc-for-next
Auto-merging Documentation/devicetree/bindings/timer/sifive,clint.yaml
Merge made by the 'ort' strategy.
 .../interrupt-controller/sifive,plic-1.0.0.yaml    |   1 +
 .../devicetree/bindings/riscv/canaan.yaml          |   8 +-
 .../soc/microchip/microchip,mpfs-irqmux.yaml       |   6 +-
 .../devicetree/bindings/timer/sifive,clint.yaml    |   1 +
 arch/riscv/boot/dts/canaan/Makefile                |   2 +
 arch/riscv/boot/dts/canaan/k230-canmv.dts          | 332 +++++++++++++++++++++
 arch/riscv/boot/dts/canaan/k230-evb.dts            |  28 ++
 arch/riscv/boot/dts/canaan/k230-pinctrl.h          |  18 ++
 arch/riscv/boot/dts/canaan/k230.dtsi               | 157 ++++++++++
 9 files changed, 551 insertions(+), 2 deletions(-)
 create mode 100644 arch/riscv/boot/dts/canaan/k230-canmv.dts
 create mode 100644 arch/riscv/boot/dts/canaan/k230-evb.dts
 create mode 100644 arch/riscv/boot/dts/canaan/k230-pinctrl.h
 create mode 100644 arch/riscv/boot/dts/canaan/k230.dtsi
Merging s390/for-next (b752c1837f3c Merge branch 'fixes' into for-next)
$ git merge -m Merge branch 'for-next' of https://git.kernel.org/pub/scm/linux/kernel/git/s390/linux.git s390/for-next
Merge made by the 'ort' strategy.
Merging sh/for-next (b0aa5e4b087b sh: Fix fallout from ZERO_PAGE consolidation)
$ git merge -m Merge branch 'for-next' of https://git.kernel.org/pub/scm/linux/kernel/git/glaubitz/sh-linux.git sh/for-next
Already up to date.
Merging sparc/for-next (d844152d85cf sparc: remove unused variable strtab)
$ git merge -m Merge branch 'for-next' of https://git.kernel.org/pub/scm/linux/kernel/git/alarsson/linux-sparc.git sparc/for-next
Already up to date.
Merging uml/next (254f49634ee1 Linux 7.1-rc1)
$ git merge -m Merge branch 'next' of https://git.kernel.org/pub/scm/linux/kernel/git/uml/linux.git uml/next
Already up to date.
Merging xtensa/xtensa-for-next (84477867e122 tty: xtensa/iss: use strnlen to improve iss_console_write)
$ git merge -m Merge branch 'xtensa-for-next' of https://github.com/jcmvbkbc/linux-xtensa.git xtensa/xtensa-for-next
Merge made by the 'ort' strategy.
 arch/xtensa/platforms/iss/console.c | 5 +++--
 1 file changed, 3 insertions(+), 2 deletions(-)
Merging fs-next (ee37cad12c95 Merge branch 'for-next' of https://git.kernel.org/pub/scm/linux/kernel/git/viro/vfs.git)
$ git merge -m Merge branch 'fs-next' of linux-next fs-next
Auto-merging MAINTAINERS
Merge made by the 'ort' strategy.
 Documentation/ABI/testing/sysfs-fs-f2fs            |    3 +-
 Documentation/filesystems/f2fs.rst                 |   50 +-
 Documentation/netlink/specs/nfsd.yaml              |  229 ++++
 Documentation/netlink/specs/sunrpc_cache.yaml      |  149 +++
 MAINTAINERS                                        |    9 +-
 drivers/mtd/ubi/ubi.h                              |    9 +-
 fs/ceph/quota.c                                    |   37 +-
 fs/ceph/xattr.c                                    |   17 +
 fs/ecryptfs/keystore.c                             |   16 +-
 fs/exfat/dir.c                                     |    4 +-
 fs/exfat/namei.c                                   |   56 +-
 fs/exfat/nls.c                                     |   19 +-
 fs/f2fs/checkpoint.c                               |    2 +-
 fs/f2fs/compress.c                                 |    2 +
 fs/f2fs/data.c                                     |    9 +-
 fs/f2fs/dir.c                                      |    2 +
 fs/f2fs/f2fs.h                                     |    3 +
 fs/f2fs/file.c                                     |   13 +-
 fs/f2fs/inline.c                                   |    3 +
 fs/f2fs/inode.c                                    |   24 +-
 fs/f2fs/node.c                                     |    8 +
 fs/f2fs/recovery.c                                 |    2 +
 fs/f2fs/segment.c                                  |   15 +
 fs/f2fs/super.c                                    |   33 +
 fs/f2fs/sysfs.c                                    |    2 +
 fs/f2fs/verity.c                                   |    2 +
 fs/f2fs/xattr.c                                    |   41 +-
 fs/f2fs/xattr.h                                    |    6 +
 fs/fuse/Makefile                                   |    3 +-
 fs/fuse/args.h                                     |   65 +
 fs/fuse/backing.c                                  |    1 +
 fs/fuse/control.c                                  |   16 +-
 fs/fuse/cuse.c                                     |   28 +-
 fs/fuse/dev.c                                      | 1253 ++++++++------------
 fs/fuse/dev.h                                      |  110 ++
 fs/fuse/dev_uring.c                                |  143 ++-
 fs/fuse/dev_uring_i.h                              |   39 +-
 fs/fuse/dir.c                                      |   12 +-
 fs/fuse/file.c                                     |  146 +--
 fs/fuse/fuse_dev_i.h                               |  350 +++++-
 fs/fuse/fuse_i.h                                   |  860 +++++---------
 fs/fuse/fuse_trace.h                               |    4 +-
 fs/fuse/inode.c                                    |  263 +---
 fs/fuse/notify.c                                   |  434 +++++++
 fs/fuse/poll.c                                     |  141 +++
 fs/fuse/req.c                                      |   99 ++
 fs/fuse/req_timeout.c                              |  148 +++
 fs/fuse/sysctl.c                                   |    1 +
 fs/fuse/sysctl.h                                   |    9 +
 fs/fuse/virtio_fs.c                                |   21 +-
 fs/gfs2/quota.c                                    |   36 +-
 fs/gfs2/super.c                                    |    1 +
 fs/netfs/buffered_read.c                           |    9 +-
 fs/netfs/buffered_write.c                          |   51 +-
 fs/netfs/iterator.c                                |   13 +-
 fs/netfs/misc.c                                    |    8 +-
 fs/netfs/read_retry.c                              |   11 +-
 fs/nfs/dns_resolve.c                               |    2 +-
 fs/nfsd/export.c                                   |  713 ++++++++++-
 fs/nfsd/netlink.c                                  |   93 ++
 fs/nfsd/netlink.h                                  |   18 +
 fs/nfsd/nfs4idmap.c                                |    4 +-
 fs/nfsd/nfs4state.c                                |    9 +-
 fs/nfsd/nfsctl.c                                   |   79 ++
 fs/nfsd/nfsd.h                                     |   17 +-
 fs/ntfs/attrib.c                                   |   21 +-
 fs/ntfs/attrlist.c                                 |    7 +-
 fs/ntfs/bdev-io.c                                  |    7 +-
 fs/ntfs/inode.c                                    |    6 +-
 fs/ntfs/mft.c                                      |   78 +-
 fs/ntfs3/index.c                                   |   45 +-
 fs/ntfs3/lznt.c                                    |    2 +-
 fs/smb/client/cached_dir.c                         |    8 +
 fs/smb/client/cifsacl.c                            |   37 +-
 fs/smb/client/ioctl.c                              |    2 +-
 fs/smb/client/smb2inode.c                          |    3 +
 fs/smb/client/smb2misc.c                           |    3 +-
 fs/smb/client/smb2pdu.c                            |   23 +-
 fs/smb/client/smb2transport.c                      |   35 +-
 fs/smb/client/smbdirect.c                          |    3 +-
 fs/smb/client/smbdirect.h                          |    2 +-
 fs/smb/server/connection.c                         |  105 +-
 fs/smb/server/connection.h                         |    6 +
 fs/smb/server/mgmt/share_config.c                  |   12 +-
 fs/smb/server/oplock.c                             |    7 +-
 fs/smb/server/server.c                             |   12 +
 fs/smb/server/smb2pdu.c                            |    6 +-
 fs/smb/server/smbacl.c                             |   66 +-
 fs/smb/server/transport_rdma.c                     |    3 +-
 fs/smb/server/transport_rdma.h                     |    2 +-
 fs/smb/server/vfs_cache.c                          |  341 +++++-
 fs/smb/server/vfs_cache.h                          |    4 +-
 fs/smb/smbdirect/accept.c                          |    2 +-
 fs/smb/smbdirect/connect.c                         |    4 +-
 fs/smb/smbdirect/connection.c                      |   16 +-
 fs/smb/smbdirect/debug.c                           |    2 +-
 fs/smb/smbdirect/devices.c                         |    2 +-
 fs/smb/smbdirect/internal.h                        |    4 +-
 fs/smb/smbdirect/listen.c                          |    2 +-
 fs/smb/smbdirect/mr.c                              |   27 +-
 fs/smb/smbdirect/rw.c                              |    2 +-
 fs/smb/smbdirect/smbdirect.h                       |   52 -
 fs/smb/smbdirect/socket.c                          |   20 +-
 fs/xfs/libxfs/xfs_dir2_data.c                      |   18 +-
 fs/xfs/libxfs/xfs_refcount.c                       |    3 +-
 fs/xfs/scrub/common.c                              |   11 +
 fs/xfs/scrub/common.h                              |    2 +
 fs/xfs/scrub/dabtree.c                             |    7 +-
 fs/xfs/scrub/dir.c                                 |    7 +-
 fs/xfs/xfs_inode.c                                 |    6 -
 fs/xfs/xfs_trans.c                                 |   11 +
 fs/xfs/xfs_zone_alloc.c                            |    2 +-
 fs/xfs/xfs_zone_gc.c                               |    2 +-
 .../public.h => include/linux/smbdirect.h          |   52 +-
 include/linux/sunrpc/cache.h                       |   15 +-
 include/trace/events/netfs.h                       |    5 +
 include/uapi/linux/nfsd_netlink.h                  |  132 +++
 include/uapi/linux/sunrpc_netlink.h                |   84 ++
 kernel/nsproxy.c                                   |    2 +-
 net/ceph/auth_x.c                                  |    5 +
 net/ceph/crush/crush.c                             |    6 +-
 net/ceph/osdmap.c                                  |    7 +-
 net/sunrpc/Makefile                                |    2 +-
 net/sunrpc/auth_gss/svcauth_gss.c                  |    2 +-
 net/sunrpc/cache.c                                 |  127 +-
 net/sunrpc/netlink.c                               |   97 ++
 net/sunrpc/netlink.h                               |   35 +
 net/sunrpc/sunrpc_syms.c                           |   10 +
 net/sunrpc/svc_xprt.c                              |   46 +-
 net/sunrpc/svcauth_unix.c                          |  516 +++++++-
 130 files changed, 5827 insertions(+), 2339 deletions(-)
 create mode 100644 Documentation/netlink/specs/sunrpc_cache.yaml
 create mode 100644 fs/fuse/args.h
 create mode 100644 fs/fuse/dev.h
 create mode 100644 fs/fuse/notify.c
 create mode 100644 fs/fuse/poll.c
 create mode 100644 fs/fuse/req.c
 create mode 100644 fs/fuse/req_timeout.c
 create mode 100644 fs/fuse/sysctl.h
 delete mode 100644 fs/smb/smbdirect/smbdirect.h
 rename fs/smb/smbdirect/public.h => include/linux/smbdirect.h (76%)
 create mode 100644 include/uapi/linux/sunrpc_netlink.h
 create mode 100644 net/sunrpc/netlink.c
 create mode 100644 net/sunrpc/netlink.h
Merging printk/for-next (7b6fb2472fcb Merge branch 'for-7.1-printf-kunit-build' into for-next)
$ git merge -m Merge branch 'for-next' of https://git.kernel.org/pub/scm/linux/kernel/git/printk/linux.git printk/for-next
Merge made by the 'ort' strategy.
Merging pci/next (64861f301c34 Merge branch 'pci/misc')
$ git merge -m Merge branch 'next' of https://git.kernel.org/pub/scm/linux/kernel/git/pci/pci.git pci/next
Auto-merging drivers/pci/pci.c
Merge made by the 'ort' strategy.
 Documentation/PCI/pci.rst           |   2 +-
 Documentation/PCI/pciebus-howto.rst |   2 +-
 arch/alpha/include/asm/pci.h        |  13 +-
 arch/alpha/kernel/pci-sysfs.c       | 373 ++++++++++++-----------
 arch/powerpc/include/asm/pci.h      |   2 -
 drivers/pci/Kconfig                 |  57 ----
 drivers/pci/bus.c                   |   1 -
 drivers/pci/iov.c                   |   6 +
 drivers/pci/p2pdma.c                |   6 +-
 drivers/pci/pci-driver.c            |  10 +-
 drivers/pci/pci-sysfs.c             | 577 ++++++++++++++++++++----------------
 drivers/pci/pci.c                   |  10 -
 drivers/pci/pci.h                   |  16 +-
 drivers/pci/probe.c                 |   6 -
 drivers/pci/pwrctrl/core.c          |  90 +++---
 drivers/pci/rebar.c                 |   6 +
 drivers/pci/remove.c                |   3 -
 include/linux/pci.h                 |  41 ++-
 18 files changed, 650 insertions(+), 571 deletions(-)
Merging pstore/for-next/pstore (24b8f8dcb9a1 pstore/ftrace: Factor KASLR offset in the core kernel instruction addresses)
$ git merge -m Merge branch 'for-next/pstore' of https://git.kernel.org/pub/scm/linux/kernel/git/kees/linux.git pstore/for-next/pstore
Already up to date.
Merging hid/for-next (2acc3b265f94 Merge branch 'for-7.1/upstream-fixes' into for-next)
$ git merge -m Merge branch 'for-next' of https://git.kernel.org/pub/scm/linux/kernel/git/hid/hid.git hid/for-next
Merge made by the 'ort' strategy.
 drivers/hid/hid-elan.c                             |  1 +
 drivers/hid/hid-ft260.c                            | 16 +++++++-
 drivers/hid/hid-ids.h                              |  1 +
 drivers/hid/hid-lenovo-go-s.c                      | 44 ++++++++++++++++++++++
 drivers/hid/hid-sony.c                             | 15 +++-----
 drivers/hid/hid-uclogic-core.c                     |  4 +-
 .../intel-quickspi/quickspi-protocol.c             |  4 +-
 7 files changed, 70 insertions(+), 15 deletions(-)
Merging i2c/i2c/for-next (254f49634ee1 Linux 7.1-rc1)
$ git merge -m Merge branch 'i2c/for-next' of https://git.kernel.org/pub/scm/linux/kernel/git/wsa/linux.git i2c/i2c/for-next
Already up to date.
Merging i2c-host/i2c/i2c-host (beec6b0a30da i2c: designware: Use PM_RUNTIME_ACQUIRE()/PM_RUNTIME_ACQUIRE_ERR())
$ git merge -m Merge branch 'i2c/i2c-host' of https://git.kernel.org/pub/scm/linux/kernel/git/andi.shyti/linux.git i2c-host/i2c/i2c-host
Auto-merging MAINTAINERS
Merge made by the 'ort' strategy.
 .../devicetree/bindings/i2c/loongson,ls2x-i2c.yaml |   4 +
 MAINTAINERS                                        |   1 +
 drivers/i2c/busses/Kconfig                         |  11 +
 drivers/i2c/busses/Makefile                        |   1 +
 drivers/i2c/busses/i2c-designware-common.c         |   4 +-
 drivers/i2c/busses/i2c-ls2x-v2.c                   | 544 +++++++++++++++++++++
 6 files changed, 563 insertions(+), 2 deletions(-)
 create mode 100644 drivers/i2c/busses/i2c-ls2x-v2.c
Merging i2c-rust/rust-i2c-next (b388d1f9a51d MAINTAINERS: add Rust I2C tree and update Igor Korotin's email)
  b388d1f9a51d ("MAINTAINERS: add Rust I2C tree and update Igor Korotin's email")
$ git merge -m Merge branch 'rust-i2c-next' of https://github.com/ikrtn/rust-for-linux i2c-rust/rust-i2c-next
Auto-merging .mailmap
Auto-merging MAINTAINERS
Auto-merging drivers/i2c/busses/Kconfig
Merge made by the 'ort' strategy.
Merging i3c/i3c/next (1d78a8fc97c1 i3c: dw-i3c-master: Fix IBI count register selection for versalnet)
$ git merge -m Merge branch 'i3c/next' of https://git.kernel.org/pub/scm/linux/kernel/git/i3c/linux.git i3c/i3c/next
Merge made by the 'ort' strategy.
 drivers/i3c/master.c                | 26 +++++++++++++-------------
 drivers/i3c/master/dw-i3c-master.c  | 21 ++++++++++++++++++++-
 drivers/i3c/master/dw-i3c-master.h  |  1 +
 drivers/i3c/master/svc-i3c-master.c | 25 +++++++++++++++++++++----
 4 files changed, 55 insertions(+), 18 deletions(-)
Merging dmi/dmi-for-next (1afafbaf749d firmware/dmi: Include product_family info to modalias)
$ git merge -m Merge branch 'dmi-for-next' of https://git.kernel.org/pub/scm/linux/kernel/git/jdelvare/staging.git dmi/dmi-for-next
Already up to date.
Merging hwmon-staging/hwmon-next (30e6206b1162 hwmon: (ads7871) Use DMA-safe buffer for SPI writes)
$ git merge -m Merge branch 'hwmon-next' of https://git.kernel.org/pub/scm/linux/kernel/git/groeck/linux-staging.git hwmon-staging/hwmon-next
Auto-merging MAINTAINERS
Merge made by the 'ort' strategy.
 .../bindings/hwmon/microchip,emc2305.yaml          |   8 +
 .../devicetree/bindings/trivial-devices.yaml       |   4 +
 .../devicetree/bindings/vendor-prefixes.yaml       |   2 +
 Documentation/hwmon/index.rst                      |   2 +
 Documentation/hwmon/lm75.rst                       |  16 +
 Documentation/hwmon/lx1308.rst                     |  90 +++++
 Documentation/hwmon/mp2985.rst                     | 147 ++++++++
 MAINTAINERS                                        |   7 +
 drivers/hwmon/ads7871.c                            | 108 +++---
 drivers/hwmon/emc2305.c                            |  54 ++-
 drivers/hwmon/lm75.c                               |   4 +
 drivers/hwmon/mcp9982.c                            |  25 +-
 drivers/hwmon/pmbus/Kconfig                        |  19 +
 drivers/hwmon/pmbus/Makefile                       |   2 +
 drivers/hwmon/pmbus/lx1308.c                       | 204 +++++++++++
 drivers/hwmon/pmbus/mp2985.c                       | 402 +++++++++++++++++++++
 16 files changed, 1038 insertions(+), 56 deletions(-)
 create mode 100644 Documentation/hwmon/lx1308.rst
 create mode 100644 Documentation/hwmon/mp2985.rst
 create mode 100644 drivers/hwmon/pmbus/lx1308.c
 create mode 100644 drivers/hwmon/pmbus/mp2985.c
Merging jc_docs/docs-next (709061c5d234 Merge branch 'mauro' into docs-mw)
$ git merge -m Merge branch 'docs-next' of git://git.lwn.net/linux.git jc_docs/docs-next
Merge made by the 'ort' strategy.
 .../RCU/Design/Requirements/Requirements.rst       |   6 +-
 Documentation/RCU/listRCU.rst                      |   2 +-
 Documentation/RCU/whatisRCU.rst                    |   4 +-
 Documentation/admin-guide/binfmt-misc.rst          |   8 +-
 Documentation/admin-guide/kernel-parameters.txt    |  16 +-
 Documentation/block/data-integrity.rst             |   2 +-
 Documentation/core-api/kref.rst                    |   4 +-
 Documentation/core-api/list.rst                    |   6 +-
 Documentation/driver-api/eisa.rst                  |   2 +
 Documentation/driver-api/mailbox.rst               |   4 +-
 Documentation/driver-api/media/v4l2-fh.rst         |   2 +-
 Documentation/filesystems/cramfs.rst               |  22 ++-
 Documentation/filesystems/proc.rst                 |  18 +--
 Documentation/gpu/drm-uapi.rst                     |   2 +-
 Documentation/kernel-hacking/locking.rst           |   4 +-
 Documentation/locking/locktypes.rst                |   4 +-
 .../maintainer/maintainer-entry-profile.rst        |  24 +--
 Documentation/process/coding-style.rst             |   8 +-
 Documentation/process/deprecated.rst               |  13 +-
 Documentation/process/maintainer-handbooks.rst     |  17 +--
 Documentation/process/maintainers.rst              |   2 +
 Documentation/scheduler/sched-deadline.rst         |   2 +-
 .../sound/kernel-api/writing-an-alsa-driver.rst    |  12 +-
 Documentation/sphinx/maintainers_include.py        | 165 +++++++++++++++++----
 Documentation/spi/spi-summary.rst                  |   4 +-
 Documentation/staging/crc32.rst                    |   2 +-
 Documentation/staging/lzo.rst                      |   2 +-
 Documentation/staging/remoteproc.rst               |   2 +-
 Documentation/staging/static-keys.rst              |   2 +-
 Documentation/trace/histogram-design.rst           |   2 +-
 Documentation/trace/rv/monitor_sched.rst           |   7 +-
 .../translations/it_IT/kernel-hacking/locking.rst  |   4 +-
 .../translations/it_IT/locking/locktypes.rst       |   4 +-
 .../translations/it_IT/process/coding-style.rst    |   2 +-
 .../ja_JP/process/submitting-patches.rst           | 127 +++++++++++++++-
 .../pt_BR/process/maintainer-handbooks.rst         |   1 +
 .../translations/sp_SP/process/coding-style.rst    |   2 +-
 Documentation/translations/zh_CN/core-api/kref.rst |   4 +-
 .../translations/zh_CN/process/coding-style.rst    |   2 +-
 .../zh_CN/video4linux/v4l2-framework.txt           |   2 +-
 .../translations/zh_TW/process/coding-style.rst    |   2 +-
 Documentation/watchdog/mlx-wdt.rst                 |   4 +-
 Documentation/watchdog/pcwd-watchdog.rst           |  19 ++-
 Documentation/watchdog/watchdog-api.rst            |  38 ++---
 Documentation/watchdog/watchdog-kernel-api.rst     |  20 ++-
 Documentation/watchdog/watchdog-parameters.rst     |  11 +-
 fs/cramfs/README                                   |  92 +-----------
 tools/lib/python/kdoc/xforms_lists.py              |   1 +
 48 files changed, 427 insertions(+), 278 deletions(-)
Merging v4l-dvb/next (d9c8c4adf23d media: dt-bindings: media: renesas,vsp1: Document RZ/G3E)
$ git merge -m Merge branch 'next' of git://linuxtv.org/media-ci/media-pending.git v4l-dvb/next
Merge made by the 'ort' strategy.
 .../media/allwinner,sun4i-a10-video-engine.yaml    |  10 +
 .../devicetree/bindings/media/renesas,fcp.yaml     |   4 +
 .../devicetree/bindings/media/renesas,vsp1.yaml    |   2 +
 .../media/v4l/ext-ctrls-codec-stateless.rst        |   2 +-
 .../userspace-api/media/v4l/ext-ctrls-codec.rst    |   6 +
 .../platform/chips-media/wave5/wave5-helper.c      |   4 +-
 .../platform/chips-media/wave5/wave5-helper.h      |   2 +-
 .../media/platform/chips-media/wave5/wave5-hw.c    |   7 +-
 .../platform/chips-media/wave5/wave5-vpu-dec.c     |  47 +-
 .../platform/chips-media/wave5/wave5-vpu-enc.c     |  73 +--
 .../platform/chips-media/wave5/wave5-vpuapi.h      |   2 +
 .../media/platform/mediatek/jpeg/mtk_jpeg_core.c   |   3 +-
 .../platform/rockchip/rkvdec/rkvdec-bitwriter.h    |  39 ++
 .../platform/rockchip/rkvdec/rkvdec-h264-common.c  |  51 +--
 .../platform/rockchip/rkvdec/rkvdec-h264-common.h  |  40 +-
 .../media/platform/rockchip/rkvdec/rkvdec-h264.c   | 109 ++---
 .../platform/rockchip/rkvdec/rkvdec-hevc-common.c  |  93 +---
 .../platform/rockchip/rkvdec/rkvdec-hevc-common.h  |  57 +--
 .../media/platform/rockchip/rkvdec/rkvdec-hevc.c   | 171 +++----
 .../platform/rockchip/rkvdec/rkvdec-vdpu383-h264.c | 337 ++++++--------
 .../platform/rockchip/rkvdec/rkvdec-vdpu383-hevc.c | 502 +++++++++------------
 drivers/media/platform/verisilicon/hantro_hw.h     |   1 -
 drivers/media/platform/verisilicon/hantro_v4l2.c   |   6 +-
 drivers/media/v4l2-core/v4l2-common.c              |   1 +
 drivers/media/v4l2-core/v4l2-ctrls-core.c          |  13 +
 drivers/media/v4l2-core/v4l2-ctrls-defs.c          |   2 +
 drivers/staging/media/sunxi/cedrus/cedrus.c        |   5 +-
 drivers/staging/media/sunxi/cedrus/cedrus_h264.c   |   3 +
 include/uapi/linux/v4l2-controls.h                 |   2 +
 29 files changed, 702 insertions(+), 892 deletions(-)
 create mode 100644 drivers/media/platform/rockchip/rkvdec/rkvdec-bitwriter.h
Merging v4l-dvb-next/master (adc218676eef Linux 6.12)
$ git merge -m Merge branch 'master' of git://linuxtv.org/mchehab/media-next.git v4l-dvb-next/master
Already up to date.
Merging pm/linux-next (3d6ebd026be6 Merge branch 'pm-tools' into linux-next)
$ git merge -m Merge branch 'linux-next' of https://git.kernel.org/pub/scm/linux/kernel/git/rafael/linux-pm.git pm/linux-next
Merge made by the 'ort' strategy.
 tools/power/pm-graph/sleepgraph.py | 2 +-
 1 file changed, 1 insertion(+), 1 deletion(-)
Merging cpufreq-arm/cpufreq/arm/linux-next (8655a4e35cda cpufreq: tegra194: remove COMPILE_TEST)
$ git merge -m Merge branch 'cpufreq/arm/linux-next' of https://git.kernel.org/pub/scm/linux/kernel/git/vireshk/pm.git cpufreq-arm/cpufreq/arm/linux-next
Already up to date.
Merging cpupower/cpupower (254f49634ee1 Linux 7.1-rc1)
$ git merge -m Merge branch 'cpupower' of https://git.kernel.org/pub/scm/linux/kernel/git/shuah/linux.git cpupower/cpupower
Already up to date.
Merging devfreq/devfreq-next (218ef5b34474 PM / devfreq: event: rockchip-dfi: Fix missing clk_disable_unprepare() on error)
$ git merge -m Merge branch 'devfreq-next' of https://git.kernel.org/pub/scm/linux/kernel/git/chanwoo/linux.git devfreq/devfreq-next
Merge made by the 'ort' strategy.
 drivers/devfreq/devfreq-event.c      | 23 ++++++++++++---------
 drivers/devfreq/devfreq.c            | 40 ++----------------------------------
 drivers/devfreq/event/rockchip-dfi.c |  4 +++-
 3 files changed, 18 insertions(+), 49 deletions(-)
Merging pmdomain/next (ec1fcddb3117 pmdomain: mediatek: fix use-after-free in scpsys_get_bus_protection_legacy())
$ git merge -m Merge branch 'next' of https://git.kernel.org/pub/scm/linux/kernel/git/ulfh/linux-pm.git pmdomain/next
Already up to date.
Merging opp/opp/linux-next (3d2398f44a2d OPP: Move break out of scoped_guard in dev_pm_opp_xlate_required_opp())
$ git merge -m Merge branch 'opp/linux-next' of https://git.kernel.org/pub/scm/linux/kernel/git/vireshk/pm.git opp/opp/linux-next
Already up to date.
Merging thermal/thermal/linux-next (bf746e2a41ef thermal: renesas: rzg3e: Remove stale @trim_offset kernel-doc entry)
$ git merge -m Merge branch 'thermal/linux-next' of https://git.kernel.org/pub/scm/linux/kernel/git/thermal/linux.git thermal/thermal/linux-next
Already up to date.
Merging rdma/for-next (254f49634ee1 Linux 7.1-rc1)
$ git merge -m Merge branch 'for-next' of https://git.kernel.org/pub/scm/linux/kernel/git/rdma/rdma.git rdma/for-next
Already up to date.
Merging net-next/main (98878ed91b68 Merge branch 'intel-wired-lan-updates-2024-04-30-ixgbe-i40e-ice')
$ git merge -m Merge branch 'main' of https://git.kernel.org/pub/scm/linux/kernel/git/netdev/net-next.git net-next/main
Auto-merging Documentation/admin-guide/kernel-parameters.txt
Auto-merging drivers/net/ethernet/airoha/airoha_eth.c
Auto-merging drivers/net/usb/r8152.c
Auto-merging drivers/net/wireless/ath/ath12k/core.c
Auto-merging drivers/net/wireless/ath/ath12k/wmi.c
Auto-merging net/mac80211/mlme.c
Auto-merging net/mctp/test/route-test.c
Auto-merging net/wireless/nl80211.c
Merge made by the 'ort' strategy.
 Documentation/admin-guide/kernel-parameters.txt    |   6 +-
 Documentation/arch/m68k/kernel-options.rst         |  24 +-
 Documentation/driver-api/dpll.rst                  |  38 +-
 Documentation/netlink/specs/dpll.yaml              |  31 +
 .../device_drivers/ethernet/cirrus/cs89x0.rst      | 647 --------------------
 .../networking/device_drivers/ethernet/index.rst   |   1 -
 .../networking/net_cachelines/tcp_sock.rst         |  10 +-
 Documentation/networking/smc-sysctl.rst            |   8 +-
 Documentation/networking/tcp_ao.rst                |  38 +-
 drivers/dpll/dpll_netlink.c                        |  27 +
 drivers/dpll/dpll_nl.c                             |   3 +-
 drivers/dpll/dpll_nl.h                             |   2 +-
 drivers/dpll/zl3073x/dpll.c                        | 108 ++--
 drivers/dpll/zl3073x/regs.h                        |   9 +-
 drivers/gpio/gpio-ath79.c                          |  57 +-
 drivers/infiniband/hw/mlx5/counters.c              |   4 +-
 drivers/net/Kconfig                                |   7 -
 drivers/net/Makefile                               |   1 -
 drivers/net/Space.c                                | 237 --------
 drivers/net/dsa/ocelot/felix.c                     |   3 +-
 drivers/net/dsa/sja1105/sja1105_main.c             |   3 +-
 drivers/net/dsa/yt921x.c                           | 507 ++++++++++++++--
 drivers/net/dsa/yt921x.h                           |  87 ++-
 drivers/net/dummy.c                                |   6 +-
 drivers/net/ethernet/8390/Kconfig                  |   1 -
 drivers/net/ethernet/8390/ne.c                     | 237 +++++++-
 drivers/net/ethernet/airoha/airoha_eth.c           |  10 +-
 drivers/net/ethernet/airoha/airoha_eth.h           |   2 +-
 drivers/net/ethernet/airoha/airoha_ppe.c           |  10 +-
 drivers/net/ethernet/cirrus/Kconfig                |  20 +-
 drivers/net/ethernet/cirrus/cs89x0.c               | 636 +-------------------
 drivers/net/ethernet/intel/i40e/i40e_ptp.c         |   9 +-
 drivers/net/ethernet/intel/i40e/i40e_register.h    |  10 +
 drivers/net/ethernet/intel/ice/ice_dpll.c          |   2 +-
 drivers/net/ethernet/intel/ice/ice_ethtool.c       |   2 +-
 drivers/net/ethernet/intel/ice/ice_fw_update.c     |   2 +-
 drivers/net/ethernet/intel/ixgbe/ixgbe_e610.c      |  73 ++-
 drivers/net/ethernet/intel/ixgbe/ixgbe_e610.h      |   1 +
 drivers/net/ethernet/intel/ixgbe/ixgbe_ethtool.c   | 244 ++++++--
 drivers/net/ethernet/intel/ixgbe/ixgbe_main.c      |  30 +-
 drivers/net/ethernet/intel/ixgbe/ixgbe_type.h      |   2 +
 drivers/net/ethernet/intel/ixgbe/ixgbe_type_e610.h |  32 +-
 drivers/net/ethernet/intel/ixgbe/ixgbe_x550.c      |   2 +-
 drivers/net/ethernet/mellanox/mlx5/core/alloc.c    | 301 +++++++--
 drivers/net/ethernet/mellanox/mlx5/core/cmd.c      |   1 +
 .../ethernet/mellanox/mlx5/core/esw/devlink_port.c |   7 +-
 .../net/ethernet/mellanox/mlx5/core/esw/ipsec.c    |   2 +-
 drivers/net/ethernet/mellanox/mlx5/core/eswitch.c  |  56 +-
 drivers/net/ethernet/mellanox/mlx5/core/eswitch.h  |   7 +-
 .../ethernet/mellanox/mlx5/core/eswitch_offloads.c | 138 +++--
 .../mellanox/mlx5/core/lib/ipsec_fs_roce.c         |  10 +
 drivers/net/ethernet/mellanox/mlx5/core/main.c     |   7 +
 .../net/ethernet/mellanox/mlx5/core/mlx5_core.h    |   3 +
 .../mellanox/mlx5/core/sf/mlx5_ifc_vhca_event.h    |   8 -
 drivers/net/ethernet/mellanox/mlx5/core/sriov.c    |   7 +-
 .../mellanox/mlx5/core/steering/hws/vport.c        |   2 +-
 drivers/net/ethernet/qualcomm/Kconfig              |   4 +-
 drivers/net/mdio/Kconfig                           |   2 +-
 drivers/net/phy/aquantia/aquantia_main.c           |   6 +-
 drivers/net/ppp/Kconfig                            |   6 +
 drivers/net/ppp/Makefile                           |   6 +-
 drivers/net/ppp/pppoe.c                            |  12 +-
 drivers/net/usb/r8152.c                            |  23 +-
 drivers/net/wireless/ath/ath12k/ahb.c              |  25 +-
 drivers/net/wireless/ath/ath12k/core.c             |   6 +
 drivers/net/wireless/ath/ath12k/dp_htt.c           |   2 +-
 drivers/net/wireless/ath/ath12k/dp_htt.h           |   2 +-
 drivers/net/wireless/ath/ath12k/htc.h              |   8 +-
 drivers/net/wireless/ath/ath12k/wifi7/hal_rx.h     |   1 -
 drivers/net/wireless/ath/ath12k/wmi.c              | 217 +++----
 drivers/net/wireless/ath/ath12k/wmi.h              |   3 +
 drivers/net/wireless/ath/ath9k/hw.c                |  33 +-
 drivers/net/wireless/ath/ath9k/hw.h                |   3 +-
 .../broadcom/brcm80211/brcmsmac/phy/phy_lcn.c      |  13 +-
 drivers/net/wireless/intel/iwlwifi/mld/iface.c     |   2 +-
 drivers/net/wireless/intel/iwlwifi/mld/mac80211.c  |   6 +-
 drivers/net/wireless/intel/iwlwifi/mvm/mac80211.c  |   6 +-
 drivers/net/wireless/mediatek/mt76/mt7925/mcu.c    |   4 +-
 drivers/net/wireless/quantenna/qtnfmac/commands.c  |   4 +-
 drivers/net/wireless/realtek/rtw89/fw.c            |   2 +-
 drivers/net/wwan/Kconfig                           |   4 +-
 include/linux/dpll.h                               |   6 +
 include/linux/ieee80211-eht.h                      | 115 +++-
 include/linux/mlx5/driver.h                        |   9 +-
 include/linux/mlx5/eswitch.h                       |   2 +-
 include/linux/mlx5/mlx5_ifc.h                      |  73 ++-
 include/linux/mlx5/vport.h                         |   4 +-
 include/linux/net/intel/libie/adminq.h             |   1 +
 include/linux/netdevice.h                          |   1 -
 include/linux/tcp.h                                |  40 +-
 include/net/Space.h                                |   7 -
 include/net/act_api.h                              |   2 +-
 include/net/cfg80211.h                             |  25 +-
 include/net/dsa.h                                  |   3 +-
 include/net/mac80211.h                             |  10 +-
 include/net/sch_generic.h                          |   6 +-
 include/net/tcp.h                                  |  52 +-
 include/net/tcp_ao.h                               |  74 ++-
 include/uapi/linux/dpll.h                          |  23 +
 include/uapi/linux/nl80211.h                       |  10 +-
 net/bridge/br_arp_nd_proxy.c                       |  16 +-
 net/dsa/user.c                                     |   2 +-
 net/ipv4/Kconfig                                   |   8 +-
 net/ipv4/Makefile                                  |   1 -
 net/ipv4/tcp.c                                     |  22 +-
 net/ipv4/tcp_ao.c                                  | 669 ++++++++++-----------
 net/ipv4/tcp_input.c                               |   2 +-
 net/ipv4/tcp_output.c                              |  22 +-
 net/ipv4/tcp_sigpool.c                             | 366 -----------
 net/ipv6/ip6mr.c                                   |  22 +-
 net/ipv6/tcp_ao.c                                  | 131 ++--
 net/mac80211/cfg.c                                 | 136 ++++-
 net/mac80211/chan.c                                |  66 +-
 net/mac80211/debugfs.c                             |  47 +-
 net/mac80211/eht.c                                 |  11 +-
 net/mac80211/he.c                                  |   9 +-
 net/mac80211/ht.c                                  |  59 +-
 net/mac80211/ibss.c                                |   3 +
 net/mac80211/ieee80211_i.h                         |  28 +-
 net/mac80211/mesh_plink.c                          |   3 +
 net/mac80211/mlme.c                                |  25 +-
 net/mac80211/ocb.c                                 |   5 +-
 net/mac80211/rate.c                                |   4 +-
 net/mac80211/sta_info.c                            | 294 ++++++++-
 net/mac80211/sta_info.h                            |  16 +-
 net/mac80211/tdls.c                                |  24 +-
 net/mac80211/tx.c                                  |   2 +-
 net/mac80211/util.c                                |  23 +-
 net/mac80211/vht.c                                 | 350 +----------
 net/mctp/test/route-test.c                         |   6 -
 net/psp/psp_main.c                                 |  21 +-
 net/sched/act_ife.c                                |   4 +-
 net/sched/act_police.c                             |   2 +-
 net/sched/act_skbmod.c                             |   2 +-
 net/sched/sch_api.c                                | 129 ++--
 net/smc/smc_core.c                                 |   4 +
 net/tls/tls_device.c                               |  11 +-
 net/wireless/core.c                                |  21 +
 net/wireless/core.h                                |   3 +-
 net/wireless/nl80211.c                             | 260 +++++---
 net/wireless/util.c                                |  10 +
 net/wireless/wext-compat.c                         |   3 +-
 tools/testing/selftests/drivers/net/gro.py         |  10 +
 tools/testing/selftests/drivers/net/hw/gro_hw.py   |  10 +
 tools/testing/selftests/drivers/net/hw/iou-zcrx.py |  12 +
 tools/testing/selftests/drivers/net/hw/ntuple.py   |   5 +-
 tools/testing/selftests/drivers/net/hw/rss_ctx.py  |  98 ++-
 .../net/packetdrill/tcp_syncookies_ip4_9k.pkt      |  37 ++
 .../net/packetdrill/tcp_syncookies_ip6_9k.pkt      |  36 ++
 tools/testing/selftests/net/tcp_ao/config          |   4 -
 .../testing/selftests/net/tcp_ao/key-management.c  |  41 +-
 .../selftests/net/test_bridge_neigh_suppress.sh    | 126 ++++
 152 files changed, 3886 insertions(+), 3936 deletions(-)
 delete mode 100644 Documentation/networking/device_drivers/ethernet/cirrus/cs89x0.rst
 delete mode 100644 drivers/net/Space.c
 delete mode 100644 include/net/Space.h
 delete mode 100644 net/ipv4/tcp_sigpool.c
 create mode 100644 tools/testing/selftests/net/packetdrill/tcp_syncookies_ip4_9k.pkt
 create mode 100644 tools/testing/selftests/net/packetdrill/tcp_syncookies_ip6_9k.pkt
Merging bpf-next/for-next (9f5b3ffc3f1d selftests/bpf: Rename libarena malloc/free methods)
$ git merge -m Merge branch 'for-next' of https://git.kernel.org/pub/scm/linux/kernel/git/bpf/bpf-next.git bpf-next/for-next
Auto-merging include/linux/bpf.h
Merge made by the 'ort' strategy.
 Documentation/bpf/btf.rst                          |    6 +-
 arch/s390/net/bpf_jit_comp.c                       |   37 +
 drivers/net/ethernet/netronome/nfp/bpf/verifier.c  |    8 +-
 fs/bpf_fs_kfuncs.c                                 |    2 +-
 fs/verity/measure.c                                |    4 +-
 include/linux/bpf.h                                |   63 +-
 include/linux/bpf_verifier.h                       |   72 +-
 include/linux/btf.h                                |    4 +-
 include/linux/cnum.h                               |   82 +
 include/linux/filter.h                             |    5 +-
 include/linux/trace_events.h                       |    6 +
 include/trace/bpf_probe.h                          |    2 -
 include/uapi/linux/btf.h                           |   26 +-
 kernel/bpf/Makefile                                |    2 +-
 kernel/bpf/btf.c                                   |   29 +-
 kernel/bpf/cnum.c                                  |  120 +
 kernel/bpf/cnum_defs.h                             |  247 +++
 kernel/bpf/core.c                                  |    4 +-
 kernel/bpf/helpers.c                               |   36 +-
 kernel/bpf/log.c                                   |   24 +-
 kernel/bpf/states.c                                |   11 +-
 kernel/bpf/syscall.c                               |    5 +
 kernel/bpf/trampoline.c                            |    1 -
 kernel/bpf/verifier.c                              | 2318 ++++++++------------
 kernel/events/core.c                               |    9 +
 kernel/trace/bpf_trace.c                           |   70 +-
 kernel/trace/trace_syscalls.c                      |  108 +-
 lib/test_bpf.c                                     |  363 ++-
 net/bpf/test_run.c                                 |   65 +-
 tools/bpf/bpftool/btf.c                            |   17 +-
 tools/bpf/bpftool/btf_dumper.c                     |    4 +-
 tools/bpf/bpftool/gen.c                            |   16 +-
 tools/include/uapi/linux/btf.h                     |   26 +-
 tools/lib/bpf/btf.c                                |   54 +-
 tools/lib/bpf/btf.h                                |    2 +-
 tools/lib/bpf/btf_dump.c                           |   24 +-
 tools/lib/bpf/libbpf.c                             |   97 +-
 tools/lib/bpf/relo_core.c                          |   16 +-
 tools/testing/selftests/bpf/.gitignore             |    1 -
 tools/testing/selftests/bpf/Makefile               |   56 +-
 tools/testing/selftests/bpf/bpf_arena_alloc.h      |    2 +-
 tools/testing/selftests/bpf/bpf_arena_list.h       |    2 +-
 tools/testing/selftests/bpf/bpf_arena_strsearch.h  |    2 +-
 tools/testing/selftests/bpf/bpf_experimental.h     |   84 +-
 tools/testing/selftests/bpf/bpf_kfuncs.h           |    8 +-
 tools/testing/selftests/bpf/default.profraw        |  Bin 0 -> 160 bytes
 tools/testing/selftests/bpf/libarena/Makefile      |   92 +
 .../bpf/{ => libarena/include}/bpf_arena_common.h  |    0
 .../include}/bpf_arena_spin_lock.h                 |   11 +-
 .../bpf/{ => libarena/include}/bpf_atomic.h        |    4 +-
 .../selftests/bpf/libarena/include/bpf_may_goto.h  |   84 +
 .../selftests/bpf/libarena/include/libarena/asan.h |  103 +
 .../bpf/libarena/include/libarena/buddy.h          |   92 +
 .../bpf/libarena/include/libarena/common.h         |   94 +
 .../bpf/libarena/include/libarena/userspace.h      |  132 ++
 .../bpf/libarena/selftests/st_asan_buddy.bpf.c     |  258 +++
 .../bpf/libarena/selftests/st_asan_common.h        |   52 +
 .../bpf/libarena/selftests/st_buddy.bpf.c          |  209 ++
 .../bpf/libarena/selftests/test_progs_compat.h     |   15 +
 .../testing/selftests/bpf/libarena/src/asan.bpf.c  |  553 +++++
 .../testing/selftests/bpf/libarena/src/buddy.bpf.c |  903 ++++++++
 .../selftests/bpf/libarena/src/common.bpf.c        |   52 +
 .../selftests/bpf/prog_tests/arena_spin_lock.c     |    7 -
 tools/testing/selftests/bpf/prog_tests/bpf_nf.c    |   22 +-
 tools/testing/selftests/bpf/prog_tests/btf.c       |    8 +-
 .../selftests/bpf/prog_tests/btf_dedup_split.c     |   51 +-
 tools/testing/selftests/bpf/prog_tests/btf_dump.c  |    4 +-
 tools/testing/selftests/bpf/prog_tests/cb_refs.c   |    2 +-
 .../selftests/bpf/prog_tests/cgrp_local_storage.c  |   15 +-
 .../testing/selftests/bpf/prog_tests/ctx_rewrite.c |   17 +-
 .../testing/selftests/bpf/prog_tests/file_reader.c |   22 +-
 .../testing/selftests/bpf/prog_tests/kfunc_call.c  |    2 +-
 tools/testing/selftests/bpf/prog_tests/libarena.c  |   66 +
 .../selftests/bpf/prog_tests/libarena_asan.c       |   93 +
 .../testing/selftests/bpf/prog_tests/linked_list.c |    4 +-
 .../testing/selftests/bpf/prog_tests/reg_bounds.c  |   90 +-
 .../bpf/prog_tests/sleepable_tracepoints.c         |  142 ++
 .../selftests/bpf/prog_tests/task_local_storage.c  |    1 +
 tools/testing/selftests/bpf/progs/arena_atomics.c  |    2 +-
 .../testing/selftests/bpf/progs/arena_spin_lock.c  |    2 +-
 .../selftests/bpf/progs/cgrp_kfunc_failure.c       |   14 +-
 .../selftests/bpf/progs/cgrp_ls_sleepable.c        |   18 +
 .../selftests/bpf/progs/compute_live_registers.c   |    2 +-
 .../testing/selftests/bpf/progs/cpumask_failure.c  |   10 +-
 .../testing/selftests/bpf/progs/cpumask_success.c  |    2 +-
 tools/testing/selftests/bpf/progs/dynptr_fail.c    |   22 +-
 tools/testing/selftests/bpf/progs/dynptr_success.c |    6 +-
 .../testing/selftests/bpf/progs/file_reader_fail.c |    4 +-
 tools/testing/selftests/bpf/progs/irq.c            |    4 +-
 tools/testing/selftests/bpf/progs/iters.c          |    6 +-
 .../selftests/bpf/progs/iters_state_safety.c       |   14 +-
 tools/testing/selftests/bpf/progs/iters_testmod.c  |    4 +-
 .../selftests/bpf/progs/iters_testmod_seq.c        |    4 +-
 tools/testing/selftests/bpf/progs/lpm_trie_bench.c |    2 +-
 tools/testing/selftests/bpf/progs/map_kptr_fail.c  |    2 +-
 .../selftests/bpf/progs/percpu_alloc_fail.c        |    4 +-
 tools/testing/selftests/bpf/progs/rbtree_fail.c    |    6 +-
 .../selftests/bpf/progs/refcounted_kptr_fail.c     |    2 +-
 tools/testing/selftests/bpf/progs/stream.c         |    2 +-
 tools/testing/selftests/bpf/progs/stream_fail.c    |    2 +-
 .../selftests/bpf/progs/task_kfunc_failure.c       |   18 +-
 .../selftests/bpf/progs/task_local_storage.c       |   19 +
 tools/testing/selftests/bpf/progs/task_work_fail.c |    6 +-
 .../testing/selftests/bpf/progs/test_bpf_nf_fail.c |    8 +-
 .../selftests/bpf/progs/test_kfunc_dynptr_param.c  |   11 +-
 .../bpf/progs/test_kfunc_param_nullable.c          |    2 +-
 .../bpf/progs/test_sleepable_tracepoints.c         |  112 +
 .../bpf/progs/test_sleepable_tracepoints_fail.c    |   18 +
 .../testing/selftests/bpf/progs/test_tunnel_kern.c |   13 +-
 tools/testing/selftests/bpf/progs/verifier_arena.c |    2 +-
 .../selftests/bpf/progs/verifier_arena_globals1.c  |    2 +-
 .../selftests/bpf/progs/verifier_arena_globals2.c  |    2 +-
 .../selftests/bpf/progs/verifier_arena_large.c     |    2 +-
 .../selftests/bpf/progs/verifier_bits_iter.c       |    4 +-
 .../testing/selftests/bpf/progs/verifier_bounds.c  |  116 +-
 .../selftests/bpf/progs/verifier_bpf_fastcall.c    |   24 +-
 tools/testing/selftests/bpf/progs/verifier_ldsx.c  |    2 +-
 .../selftests/bpf/progs/verifier_may_goto_1.c      |   12 +-
 .../selftests/bpf/progs/verifier_ref_tracking.c    |    6 +-
 tools/testing/selftests/bpf/progs/verifier_sdiv.c  |   64 +-
 .../testing/selftests/bpf/progs/verifier_subreg.c  |    6 +-
 .../selftests/bpf/progs/verifier_vfs_reject.c      |    8 +-
 tools/testing/selftests/bpf/progs/wq_failures.c    |    2 +-
 tools/testing/selftests/bpf/progs/xdp_flowtable.c  |    7 +-
 tools/testing/selftests/bpf/progs/xdping_kern.c    |  183 --
 tools/testing/selftests/bpf/test_loader.c          |   51 +-
 tools/testing/selftests/bpf/test_progs.c           |    2 +-
 tools/testing/selftests/bpf/test_progs.h           |    2 +
 tools/testing/selftests/bpf/test_xdping.sh         |  103 -
 tools/testing/selftests/bpf/uprobe_multi.c         |    4 +-
 tools/testing/selftests/bpf/verifier/calls.c       |   14 +-
 tools/testing/selftests/bpf/verifier/sleepable.c   |   17 +-
 tools/testing/selftests/bpf/xdping.c               |  254 ---
 tools/testing/selftests/bpf/xdping.h               |   13 -
 134 files changed, 5812 insertions(+), 2771 deletions(-)
 create mode 100644 include/linux/cnum.h
 create mode 100644 kernel/bpf/cnum.c
 create mode 100644 kernel/bpf/cnum_defs.h
 create mode 100644 tools/testing/selftests/bpf/default.profraw
 create mode 100644 tools/testing/selftests/bpf/libarena/Makefile
 rename tools/testing/selftests/bpf/{ => libarena/include}/bpf_arena_common.h (100%)
 rename tools/testing/selftests/bpf/{progs => libarena/include}/bpf_arena_spin_lock.h (98%)
 rename tools/testing/selftests/bpf/{ => libarena/include}/bpf_atomic.h (98%)
 create mode 100644 tools/testing/selftests/bpf/libarena/include/bpf_may_goto.h
 create mode 100644 tools/testing/selftests/bpf/libarena/include/libarena/asan.h
 create mode 100644 tools/testing/selftests/bpf/libarena/include/libarena/buddy.h
 create mode 100644 tools/testing/selftests/bpf/libarena/include/libarena/common.h
 create mode 100644 tools/testing/selftests/bpf/libarena/include/libarena/userspace.h
 create mode 100644 tools/testing/selftests/bpf/libarena/selftests/st_asan_buddy.bpf.c
 create mode 100644 tools/testing/selftests/bpf/libarena/selftests/st_asan_common.h
 create mode 100644 tools/testing/selftests/bpf/libarena/selftests/st_buddy.bpf.c
 create mode 100644 tools/testing/selftests/bpf/libarena/selftests/test_progs_compat.h
 create mode 100644 tools/testing/selftests/bpf/libarena/src/asan.bpf.c
 create mode 100644 tools/testing/selftests/bpf/libarena/src/buddy.bpf.c
 create mode 100644 tools/testing/selftests/bpf/libarena/src/common.bpf.c
 create mode 100644 tools/testing/selftests/bpf/prog_tests/libarena.c
 create mode 100644 tools/testing/selftests/bpf/prog_tests/libarena_asan.c
 create mode 100644 tools/testing/selftests/bpf/prog_tests/sleepable_tracepoints.c
 create mode 100644 tools/testing/selftests/bpf/progs/test_sleepable_tracepoints.c
 create mode 100644 tools/testing/selftests/bpf/progs/test_sleepable_tracepoints_fail.c
 delete mode 100644 tools/testing/selftests/bpf/progs/xdping_kern.c
 delete mode 100755 tools/testing/selftests/bpf/test_xdping.sh
 delete mode 100644 tools/testing/selftests/bpf/xdping.c
 delete mode 100644 tools/testing/selftests/bpf/xdping.h
$ git am -3 ../patches/0001-perf-Fixup-for-btf_vlan-API-change.patch
Applying: perf: Fixup for btf_vlan() API change
$ git reset HEAD^
Unstaged changes after reset:
M	tools/perf/builtin-trace.c
M	tools/perf/util/btf.c
$ git add -A .
$ git commit -v -a --amend
[master 7f284527203a] Merge branch 'for-next' of https://git.kernel.org/pub/scm/linux/kernel/git/bpf/bpf-next.git
 Date: Mon May 4 22:25:19 2026 +0200
Merging ipsec-next/master (a77d172177f3 xfrm: cleanup error path in xfrm_add_policy())
$ git merge -m Merge branch 'master' of https://git.kernel.org/pub/scm/linux/kernel/git/klassert/ipsec-next.git ipsec-next/master
Auto-merging net/xfrm/xfrm_user.c
Merge made by the 'ort' strategy.
 net/xfrm/xfrm_user.c | 5 ++---
 1 file changed, 2 insertions(+), 3 deletions(-)
Merging mlx5-next/mlx5-next (02c54621e81c net/mlx5: Extend query_esw_functions output for multi-function support)
$ git merge -m Merge branch 'mlx5-next' of https://git.kernel.org/pub/scm/linux/kernel/git/mellanox/linux.git mlx5-next/mlx5-next
Already up to date.
Merging netfilter-next/main (09942ddedcb9 ppp: add PPPOX symbol)
$ git merge -m Merge branch 'main' of https://git.kernel.org/pub/scm/linux/kernel/git/netfilter/nf-next.git netfilter-next/main
Already up to date.
Merging ipvs-next/main (09942ddedcb9 ppp: add PPPOX symbol)
$ git merge -m Merge branch 'main' of https://git.kernel.org/pub/scm/linux/kernel/git/horms/ipvs-next.git ipvs-next/main
Already up to date.
Merging bluetooth/master (fd572908d364 Bluetooth: HIDP: serialise l2cap_unregister_user via hidp_session_sem)
$ git merge -m Merge branch 'master' of https://git.kernel.org/pub/scm/linux/kernel/git/bluetooth/bluetooth-next.git bluetooth/master
Merge made by the 'ort' strategy.
 arch/arm/configs/pxa_defconfig              |   3 -
 arch/arm/configs/spitz_defconfig            |   3 -
 arch/loongarch/configs/loongson32_defconfig |   3 -
 arch/loongarch/configs/loongson64_defconfig |   3 -
 arch/mips/configs/mtx1_defconfig            |   3 -
 arch/powerpc/configs/ppc6xx_defconfig       |   3 -
 drivers/bluetooth/Kconfig                   |  42 +-
 drivers/bluetooth/Makefile                  |   3 -
 drivers/bluetooth/bluecard_cs.c             | 908 ----------------------------
 drivers/bluetooth/bt3c_cs.c                 | 749 -----------------------
 drivers/bluetooth/btintel.c                 |  10 +-
 drivers/bluetooth/btintel.h                 |   7 +
 drivers/bluetooth/btintel_pcie.c            | 216 +++++--
 drivers/bluetooth/btintel_pcie.h            |   9 +-
 drivers/bluetooth/btmtk.c                   |  38 +-
 drivers/bluetooth/btmtk.h                   |   7 +
 drivers/bluetooth/btrtl.c                   |  13 +
 drivers/bluetooth/btusb.c                   |  11 +
 drivers/bluetooth/dtl1_cs.c                 | 614 -------------------
 drivers/bluetooth/hci_ath.c                 |   3 +
 drivers/bluetooth/hci_bcsp.c                |   3 +
 drivers/bluetooth/hci_h4.c                  |   3 +
 drivers/bluetooth/hci_h5.c                  |   3 +
 drivers/bluetooth/virtio_bt.c               |  39 +-
 include/net/bluetooth/hci_core.h            |   2 +-
 net/bluetooth/6lowpan.c                     |  25 +-
 net/bluetooth/Kconfig                       |   6 +-
 net/bluetooth/bnep/core.c                   |  13 +-
 net/bluetooth/hci_conn.c                    | 124 +++-
 net/bluetooth/hci_event.c                   |  31 +-
 net/bluetooth/hidp/core.c                   |  27 +-
 net/bluetooth/iso.c                         |  56 +-
 net/bluetooth/l2cap_core.c                  |  14 +-
 net/bluetooth/l2cap_sock.c                  |   9 +
 net/bluetooth/rfcomm/core.c                 |   7 +-
 net/bluetooth/sco.c                         |  62 +-
 net/bluetooth/smp.c                         | 180 ++----
 37 files changed, 657 insertions(+), 2595 deletions(-)
 delete mode 100644 drivers/bluetooth/bluecard_cs.c
 delete mode 100644 drivers/bluetooth/bt3c_cs.c
 delete mode 100644 drivers/bluetooth/dtl1_cs.c
Merging wireless-next/for-next (6855a52318b3 Merge tag 'wireless-next-2026-04-30' of https://git.kernel.org/pub/scm/linux/kernel/git/wireless/wireless-next)
$ git merge -m Merge branch 'for-next' of https://git.kernel.org/pub/scm/linux/kernel/git/wireless/wireless-next.git wireless-next/for-next
Already up to date.
Merging ath-next/for-next (e12d2d3983ac wifi: ath12k: add thermal cooling device support)
$ git merge -m Merge branch 'for-next' of https://git.kernel.org/pub/scm/linux/kernel/git/ath/ath.git ath-next/for-next
Auto-merging drivers/net/wireless/ath/ath12k/core.c
Auto-merging drivers/net/wireless/ath/ath12k/dp_rx.c
Auto-merging drivers/net/wireless/ath/ath12k/mac.c
Auto-merging drivers/net/wireless/ath/ath12k/wmi.c
Merge made by the 'ort' strategy.
 drivers/net/wireless/ath/ath10k/qmi.c              |   2 +-
 drivers/net/wireless/ath/ath10k/qmi_wlfw_v01.h     |   1 -
 drivers/net/wireless/ath/ath11k/Kconfig            |   2 +-
 drivers/net/wireless/ath/ath11k/mhi.c              |   4 +-
 drivers/net/wireless/ath/ath11k/pci.c              |   8 +
 drivers/net/wireless/ath/ath11k/qmi.c              |   2 +-
 drivers/net/wireless/ath/ath11k/qmi.h              |   1 -
 drivers/net/wireless/ath/ath12k/Kconfig            |   6 +-
 drivers/net/wireless/ath/ath12k/core.c             |  50 ++--
 drivers/net/wireless/ath/ath12k/dp_rx.c            |  57 +++--
 drivers/net/wireless/ath/ath12k/mac.c              |  38 ++--
 drivers/net/wireless/ath/ath12k/qmi.c              |   2 +-
 drivers/net/wireless/ath/ath12k/qmi.h              |   1 -
 drivers/net/wireless/ath/ath12k/thermal.c          | 252 ++++++++++++++++++---
 drivers/net/wireless/ath/ath12k/thermal.h          |  35 +++
 drivers/net/wireless/ath/ath12k/wmi.c              | 140 ++++++++++--
 drivers/net/wireless/ath/ath12k/wmi.h              |  52 ++++-
 drivers/net/wireless/ath/ath9k/ar9002_hw.c         |   6 +-
 .../net/wireless/ath/ath9k/ath9k_pci_owl_loader.c  |  31 +--
 drivers/net/wireless/ath/ath9k/common-init.c       |   8 +-
 drivers/net/wireless/ath/ath9k/init.c              |  11 +-
 drivers/net/wireless/ath/ath9k/recv.c              |   4 +-
 drivers/net/wireless/ath/ath9k/xmit.c              |   7 +-
 23 files changed, 541 insertions(+), 179 deletions(-)
Merging iwlwifi-next/next (709503c4a210 wifi: iwlwifi: mvm: fix race condition in PTP removal)
$ git merge -m Merge branch 'next' of https://git.kernel.org/pub/scm/linux/kernel/git/iwlwifi/iwlwifi-next.git iwlwifi-next/next
Merge made by the 'ort' strategy.
 drivers/net/wireless/intel/iwlwifi/mld/ptp.c | 2 +-
 drivers/net/wireless/intel/iwlwifi/mvm/ptp.c | 2 +-
 2 files changed, 2 insertions(+), 2 deletions(-)
Merging wpan-next/master (1dd9291eb903 ieee802154: Remove WARN_ON() in cfg802154_pernet_exit())
$ git merge -m Merge branch 'master' of https://git.kernel.org/pub/scm/linux/kernel/git/wpan/wpan-next.git wpan-next/master
Merge made by the 'ort' strategy.
 net/ieee802154/core.c | 49 ++++++++++++++++++++++++++++---------------------
 1 file changed, 28 insertions(+), 21 deletions(-)
Merging wpan-staging/staging (1dd9291eb903 ieee802154: Remove WARN_ON() in cfg802154_pernet_exit())
$ git merge -m Merge branch 'staging' of https://git.kernel.org/pub/scm/linux/kernel/git/wpan/wpan-next.git wpan-staging/staging
Already up to date.
Merging mtd/mtd/next (87eee18f2974 mtd: sm_ftl: allocate cis_buffer with main struct)
$ git merge -m Merge branch 'mtd/next' of https://git.kernel.org/pub/scm/linux/kernel/git/mtd/linux.git mtd/mtd/next
Merge made by the 'ort' strategy.
 drivers/mtd/mtdoops.c        |  7 +++----
 drivers/mtd/mtdsuper.c       |  8 ++++----
 drivers/mtd/nand/raw/Kconfig |  2 +-
 drivers/mtd/sm_ftl.c         | 30 +++++++++++-------------------
 drivers/mtd/sm_ftl.h         |  2 +-
 5 files changed, 20 insertions(+), 29 deletions(-)
Merging nand/nand/next (7fd2df204f34 Linux 7.1-rc2)
$ git merge -m Merge branch 'nand/next' of https://git.kernel.org/pub/scm/linux/kernel/git/mtd/linux.git nand/nand/next
Already up to date.
Merging spi-nor/spi-nor/next (cf6788aed0cd mtd: spi-nor: micron-st: Enable die erase support for MT35XU02GCBA)
$ git merge -m Merge branch 'spi-nor/next' of https://git.kernel.org/pub/scm/linux/kernel/git/mtd/linux.git spi-nor/spi-nor/next
Already up to date.
Merging crypto/master (8879a3c110cb crypto: af_alg - use sock_kmemdup in alg_setkey_by_key_serial)
$ git merge -m Merge branch 'master' of https://git.kernel.org/pub/scm/linux/kernel/git/herbert/cryptodev-2.6.git crypto/master
Already up to date.
Merging libcrypto/libcrypto-next (254f49634ee1 Linux 7.1-rc1)
$ git merge -m Merge branch 'libcrypto-next' of https://git.kernel.org/pub/scm/linux/kernel/git/ebiggers/linux.git libcrypto/libcrypto-next
Already up to date.
Merging drm/drm-next (254f49634ee1 Linux 7.1-rc1)
$ git merge -m Merge branch 'drm-next' of https://gitlab.freedesktop.org/drm/kernel.git drm/drm-next
Already up to date.
Merging drm-exynos/for-linux-next (3a8660878839 Linux 6.18-rc1)
$ git merge -m Merge branch 'for-linux-next' of https://git.kernel.org/pub/scm/linux/kernel/git/daeinki/drm-exynos.git drm-exynos/for-linux-next
Already up to date.
Merging drm-misc/for-linux-next (d4c14903bf5e dma-buf/dma_fence_array: remove unused functionality v4)
$ git merge -m Merge branch 'for-linux-next' of https://gitlab.freedesktop.org/drm/misc/kernel.git drm-misc/for-linux-next
Auto-merging Documentation/gpu/drm-uapi.rst
Auto-merging MAINTAINERS
Auto-merging drivers/accel/ivpu/ivpu_drv.c
Auto-merging drivers/accel/qaic/qaic_ras.c
Auto-merging drivers/gpu/drm/amd/amdgpu/amdgpu_device.c
Auto-merging drivers/gpu/drm/imagination/pvr_fw_trace.c
Auto-merging drivers/gpu/drm/sysfb/ofdrm.c
Auto-merging drivers/gpu/drm/xe/xe_vm.c
Merge made by the 'ort' strategy.
 Documentation/ABI/obsolete/sysfs-driver-ivpu       |   30 +
 Documentation/ABI/testing/sysfs-driver-ivpu        |   65 +
 Documentation/accel/amdxdna/amdnpu.rst             |   25 +
 .../bindings/display/bridge/lvds-codec.yaml        |    1 +
 .../bindings/display/bridge/simple-bridge.yaml     |    1 +
 .../bindings/display/bridge/waveshare,dsi2dpi.yaml |    9 +-
 .../bindings/display/panel/focaltech,ota7290b.yaml |   70 +
 .../bindings/display/panel/himax,hx83102.yaml      |    2 +
 .../bindings/display/panel/himax,hx8394.yaml       |    2 +
 .../bindings/display/panel/ilitek,ili9881c.yaml    |    2 +
 .../bindings/display/panel/jadard,jd9365da-h3.yaml |    6 +
 .../bindings/display/panel/panel-simple.yaml       |   28 +
 .../devicetree/bindings/gpu/arm,mali-bifrost.yaml  |    2 +
 Documentation/gpu/drm-uapi.rst                     |    4 +
 Documentation/gpu/drm-usage-stats.rst              |    1 +
 MAINTAINERS                                        |    4 +-
 drivers/accel/amdxdna/Makefile                     |   10 +-
 drivers/accel/amdxdna/aie.c                        |  119 ++
 drivers/accel/amdxdna/aie.h                        |  111 ++
 drivers/accel/amdxdna/aie2_ctx.c                   |   86 +-
 drivers/accel/amdxdna/aie2_error.c                 |   17 +-
 drivers/accel/amdxdna/aie2_message.c               |  229 +--
 drivers/accel/amdxdna/aie2_msg_priv.h              |   41 +-
 drivers/accel/amdxdna/aie2_pci.c                   |  234 ++--
 drivers/accel/amdxdna/aie2_pci.h                   |  117 +-
 drivers/accel/amdxdna/aie2_pm.c                    |   22 +-
 drivers/accel/amdxdna/aie2_psp.c                   |  161 ---
 drivers/accel/amdxdna/aie2_smu.c                   |  156 ---
 drivers/accel/amdxdna/aie2_solver.c                |   10 +-
 drivers/accel/amdxdna/aie4_message.c               |   27 +
 drivers/accel/amdxdna/aie4_msg_priv.h              |   49 +
 drivers/accel/amdxdna/aie4_pci.c                   |  483 +++++++
 drivers/accel/amdxdna/aie4_pci.h                   |   53 +
 drivers/accel/amdxdna/aie4_sriov.c                 |   88 ++
 drivers/accel/amdxdna/aie_psp.c                    |  235 ++++
 drivers/accel/amdxdna/aie_smu.c                    |  153 +++
 drivers/accel/amdxdna/amdxdna_ctx.c                |    3 +-
 drivers/accel/amdxdna/amdxdna_ctx.h                |    1 +
 drivers/accel/amdxdna/amdxdna_iommu.c              |   13 +-
 drivers/accel/amdxdna/amdxdna_mailbox.c            |   30 +-
 drivers/accel/amdxdna/amdxdna_mailbox.h            |    8 +-
 drivers/accel/amdxdna/amdxdna_pci_drv.c            |   51 +-
 drivers/accel/amdxdna/amdxdna_pci_drv.h            |   16 +-
 drivers/accel/amdxdna/amdxdna_sysfs.c              |    5 +-
 drivers/accel/amdxdna/amdxdna_ubuf.c               |   41 +-
 drivers/accel/amdxdna/npu1_regs.c                  |   30 +-
 drivers/accel/amdxdna/npu3_regs.c                  |   77 ++
 drivers/accel/amdxdna/npu4_regs.c                  |   71 +-
 drivers/accel/amdxdna/npu5_regs.c                  |   10 +-
 drivers/accel/amdxdna/npu6_regs.c                  |   10 +-
 drivers/accel/ethosu/ethosu_job.c                  |    1 -
 drivers/accel/ivpu/ivpu_drv.c                      |    8 +-
 drivers/accel/ivpu/ivpu_hw.h                       |   16 +-
 drivers/accel/ivpu/ivpu_hw_btrs.c                  |  112 +-
 drivers/accel/ivpu/ivpu_hw_btrs.h                  |   10 +-
 drivers/accel/ivpu/ivpu_hw_ip.c                    |   24 +-
 drivers/accel/ivpu/ivpu_jsm_msg.c                  |   18 +-
 drivers/accel/ivpu/ivpu_jsm_msg.h                  |    3 +-
 drivers/accel/ivpu/ivpu_sysfs.c                    |  190 ++-
 drivers/accel/ivpu/vpu_jsm_api.h                   |   34 +-
 drivers/accel/qaic/mhi_controller.c                |    2 +-
 drivers/accel/qaic/mhi_controller.h                |    9 +-
 drivers/accel/qaic/qaic.h                          |    9 +-
 drivers/accel/qaic/qaic_control.c                  |    2 +-
 drivers/accel/qaic/qaic_data.c                     |    2 +-
 drivers/accel/qaic/qaic_debugfs.c                  |   30 +-
 drivers/accel/qaic/qaic_debugfs.h                  |    2 +-
 drivers/accel/qaic/qaic_drv.c                      |    2 +-
 drivers/accel/qaic/qaic_ras.c                      |    1 -
 drivers/accel/qaic/qaic_ras.h                      |    1 +
 drivers/accel/qaic/qaic_ssr.c                      |    2 +-
 drivers/accel/qaic/qaic_ssr.h                      |    9 +-
 drivers/accel/qaic/qaic_timesync.c                 |    3 +-
 drivers/accel/qaic/qaic_timesync.h                 |    7 +-
 drivers/accel/qaic/sahara.c                        |    2 +-
 drivers/accel/qaic/sahara.h                        |    2 +-
 drivers/accel/rocket/rocket_job.c                  |    1 -
 drivers/dma-buf/.kunitconfig                       |    2 +
 drivers/dma-buf/Kconfig                            |   11 +-
 drivers/dma-buf/Makefile                           |    5 +-
 drivers/dma-buf/dma-fence-array.c                  |   13 +-
 drivers/dma-buf/dma-fence-unwrap.c                 |    3 +-
 drivers/dma-buf/dma-fence.c                        |    3 +-
 drivers/dma-buf/dma-resv.c                         |    3 +-
 drivers/dma-buf/selftest.c                         |  167 ---
 drivers/dma-buf/selftest.h                         |   30 -
 drivers/dma-buf/selftests.h                        |   16 -
 drivers/dma-buf/st-dma-fence-chain.c               |  217 ++-
 drivers/dma-buf/st-dma-fence-unwrap.c              |  292 ++--
 drivers/dma-buf/st-dma-fence.c                     |  200 ++-
 drivers/dma-buf/st-dma-resv.c                      |  145 +-
 drivers/dma-buf/udmabuf.c                          |   58 +-
 drivers/gpu/drm/adp/adp_drv.c                      |    2 -
 drivers/gpu/drm/amd/amdgpu/amdgpu_cs.c             |    6 +-
 drivers/gpu/drm/amd/amdgpu/amdgpu_device.c         |    1 -
 drivers/gpu/drm/amd/amdgpu/amdgpu_job.c            |   27 +-
 drivers/gpu/drm/amd/amdgpu/amdgpu_job.h            |    5 +-
 drivers/gpu/drm/amd/amdgpu/amdgpu_trace.h          |    8 +-
 drivers/gpu/drm/amd/amdgpu/amdgpu_vm_sdma.c        |    8 +-
 drivers/gpu/drm/amd/amdgpu/amdgpu_xcp.c            |    8 +-
 drivers/gpu/drm/ast/ast_2000.c                     |   61 +-
 drivers/gpu/drm/ast/ast_2100.c                     |  292 ++--
 drivers/gpu/drm/ast/ast_2300.c                     |  392 +++---
 drivers/gpu/drm/ast/ast_2500.c                     |  327 ++---
 drivers/gpu/drm/ast/ast_dp501.c                    |  130 +-
 drivers/gpu/drm/ast/ast_drv.c                      |   84 +-
 drivers/gpu/drm/ast/ast_drv.h                      |   60 +-
 drivers/gpu/drm/ast/ast_mode.c                     |   86 +-
 drivers/gpu/drm/ast/ast_post.c                     |   48 +-
 drivers/gpu/drm/ast/ast_post.h                     |   20 +-
 drivers/gpu/drm/ast/ast_reg.h                      |  211 ++-
 drivers/gpu/drm/bridge/Kconfig                     |   10 +
 drivers/gpu/drm/bridge/Makefile                    |    1 +
 drivers/gpu/drm/bridge/adv7511/adv7511_drv.c       |    2 -
 drivers/gpu/drm/bridge/analogix/Kconfig            |    3 +
 drivers/gpu/drm/bridge/analogix/analogix_dp_core.c |  235 ++--
 drivers/gpu/drm/bridge/analogix/analogix_dp_core.h |    1 -
 drivers/gpu/drm/bridge/imx/Kconfig                 |   28 +-
 drivers/gpu/drm/bridge/imx/Makefile                |    3 +-
 drivers/gpu/drm/bridge/imx/imx-legacy-bridge.c     |   91 --
 .../bridge/imx/imx8mp-hdmi-tx-connector-fixup.c    |   75 +
 .../bridge/imx/imx8mp-hdmi-tx-connector-fixup.dtso |   30 +
 drivers/gpu/drm/bridge/imx/imx8mp-hdmi-tx.c        |    1 +
 drivers/gpu/drm/bridge/ite-it6263.c                |    2 -
 drivers/gpu/drm/bridge/ite-it6505.c                |    2 +-
 drivers/gpu/drm/bridge/lontium-lt8912b.c           |    1 +
 drivers/gpu/drm/bridge/of-display-mode-bridge.c    |   93 ++
 drivers/gpu/drm/bridge/simple-bridge.c             |    5 +
 drivers/gpu/drm/bridge/synopsys/dw-dp.c            |    4 -
 drivers/gpu/drm/bridge/synopsys/dw-hdmi.c          |   49 +-
 drivers/gpu/drm/bridge/ti-sn65dsi83.c              |   14 +-
 drivers/gpu/drm/bridge/ti-sn65dsi86.c              |    2 -
 drivers/gpu/drm/bridge/ti-tfp410.c                 |    2 +-
 drivers/gpu/drm/bridge/waveshare-dsi.c             |    5 +-
 drivers/gpu/drm/display/drm_bridge_connector.c     |   11 +-
 drivers/gpu/drm/drm_atomic.c                       |  110 +-
 drivers/gpu/drm/drm_auth.c                         |    2 +-
 drivers/gpu/drm/drm_bridge.c                       |   96 +-
 drivers/gpu/drm/drm_colorop.c                      |    8 +-
 drivers/gpu/drm/drm_connector.c                    |    9 +-
 drivers/gpu/drm/drm_edid.c                         |  465 +++++++
 drivers/gpu/drm/drm_encoder.c                      |   18 +-
 drivers/gpu/drm/drm_gem.c                          |   10 +
 drivers/gpu/drm/drm_gpusvm.c                       |   53 +-
 drivers/gpu/drm/drm_gpuvm.c                        |    3 +
 drivers/gpu/drm/drm_mipi_dsi.c                     |   28 +
 drivers/gpu/drm/drm_of.c                           |   34 +
 drivers/gpu/drm/drm_pagemap.c                      |  229 ++-
 drivers/gpu/drm/drm_panel.c                        |   23 +
 drivers/gpu/drm/drm_vblank.c                       |   36 +-
 drivers/gpu/drm/etnaviv/etnaviv_sched.c            |    1 -
 drivers/gpu/drm/exynos/Kconfig                     |    3 +
 drivers/gpu/drm/exynos/exynos_dp.c                 |  110 +-
 drivers/gpu/drm/hyperv/hyperv_drm_proto.c          |    2 +-
 drivers/gpu/drm/i915/Kconfig.debug                 |    2 +-
 drivers/gpu/drm/i915/gem/i915_gem_execbuffer.c     |    3 +-
 drivers/gpu/drm/imagination/pvr_fw_trace.c         |    2 +-
 drivers/gpu/drm/imagination/pvr_job.c              |    8 +-
 drivers/gpu/drm/imagination/pvr_queue.c            |  155 ++-
 drivers/gpu/drm/imagination/pvr_queue.h            |    2 +-
 .../gpu/drm/imagination/pvr_rogue_fwif_shared.h    |   10 +-
 drivers/gpu/drm/imagination/pvr_sync.c             |    8 +-
 drivers/gpu/drm/imagination/pvr_sync.h             |    2 +-
 drivers/gpu/drm/imx/dc/dc-kms.c                    |    8 +-
 drivers/gpu/drm/imx/dcss/dcss-kms.c                |    2 -
 drivers/gpu/drm/imx/ipuv3/Kconfig                  |    6 +-
 drivers/gpu/drm/imx/ipuv3/imx-ldb.c                |    8 +-
 drivers/gpu/drm/imx/ipuv3/parallel-display.c       |    7 +-
 drivers/gpu/drm/imx/lcdc/imx-lcdc.c                |    2 -
 drivers/gpu/drm/ingenic/ingenic-drm-drv.c          |    2 -
 drivers/gpu/drm/kmb/kmb_dsi.c                      |    4 +-
 drivers/gpu/drm/lima/lima_sched.c                  |    1 -
 drivers/gpu/drm/mediatek/mtk_dpi.c                 |    1 -
 drivers/gpu/drm/mediatek/mtk_dsi.c                 |    1 -
 drivers/gpu/drm/meson/meson_encoder_cvbs.c         |    2 -
 drivers/gpu/drm/meson/meson_encoder_hdmi.c         |    2 -
 drivers/gpu/drm/mgag200/mgag200_g200se.c           |   13 +-
 drivers/gpu/drm/mgag200/mgag200_mode.c             |  109 +-
 drivers/gpu/drm/mgag200/mgag200_reg.h              |    1 +
 drivers/gpu/drm/msm/disp/mdp4/mdp4_kms.c           |    7 -
 drivers/gpu/drm/msm/dp/dp_drm.c                    |    2 -
 drivers/gpu/drm/msm/dsi/dsi_manager.c              |    4 -
 drivers/gpu/drm/msm/hdmi/hdmi.c                    |    2 -
 drivers/gpu/drm/msm/msm_gem_vma.c                  |    1 -
 drivers/gpu/drm/msm/msm_ringbuffer.c               |    1 -
 drivers/gpu/drm/mxsfb/Kconfig                      |    2 +
 drivers/gpu/drm/mxsfb/lcdif_drv.c                  |   61 +-
 drivers/gpu/drm/nouveau/dispnv50/disp.c            |    2 +-
 drivers/gpu/drm/nouveau/nouveau_abi16.c            |    2 +-
 drivers/gpu/drm/nouveau/nouveau_bios.c             |   21 +-
 drivers/gpu/drm/nouveau/nouveau_drm.c              |    2 +-
 drivers/gpu/drm/nouveau/nouveau_sched.c            |    4 +-
 drivers/gpu/drm/omapdrm/dss/output.c               |   11 +-
 drivers/gpu/drm/omapdrm/omap_drv.c                 |    2 -
 drivers/gpu/drm/panel/Kconfig                      |   13 +
 drivers/gpu/drm/panel/Makefile                     |    1 +
 drivers/gpu/drm/panel/panel-edp.c                  |    2 +
 drivers/gpu/drm/panel/panel-focaltech-ota7290b.c   |  225 +++
 drivers/gpu/drm/panel/panel-himax-hx83102.c        |  144 +-
 drivers/gpu/drm/panel/panel-himax-hx8394.c         |  279 +++-
 drivers/gpu/drm/panel/panel-ilitek-ili9881c.c      |  251 +++-
 drivers/gpu/drm/panel/panel-jadard-jd9365da-h3.c   | 1421 ++++++++++++++++++-
 .../gpu/drm/panel/panel-panasonic-vvx10f034n00.c   |   24 +-
 drivers/gpu/drm/panel/panel-simple.c               |  381 +++++
 drivers/gpu/drm/panfrost/panfrost_device.c         |   34 +-
 drivers/gpu/drm/panfrost/panfrost_device.h         |    1 +
 drivers/gpu/drm/panfrost/panfrost_drv.c            |    1 +
 drivers/gpu/drm/panfrost/panfrost_job.c            |    1 -
 drivers/gpu/drm/panthor/Kconfig                    |    1 -
 drivers/gpu/drm/panthor/panthor_device.c           |   39 +-
 drivers/gpu/drm/panthor/panthor_device.h           |  165 ++-
 drivers/gpu/drm/panthor/panthor_drv.c              |   40 +-
 drivers/gpu/drm/panthor/panthor_fw.c               |   56 +-
 drivers/gpu/drm/panthor/panthor_fw.h               |    1 +
 drivers/gpu/drm/panthor/panthor_fw_regs.h          |   29 +
 drivers/gpu/drm/panthor/panthor_gem.c              | 1453 +++++++++++++++++---
 drivers/gpu/drm/panthor/panthor_gem.h              |  136 +-
 drivers/gpu/drm/panthor/panthor_gpu.c              |  101 +-
 drivers/gpu/drm/panthor/panthor_gpu.h              |    6 +
 drivers/gpu/drm/panthor/panthor_gpu_regs.h         |  119 ++
 drivers/gpu/drm/panthor/panthor_heap.c             |    2 +-
 drivers/gpu/drm/panthor/panthor_hw.c               |   56 +-
 drivers/gpu/drm/panthor/panthor_hw.h               |    2 +-
 drivers/gpu/drm/panthor/panthor_mmu.c              |  559 ++++++--
 drivers/gpu/drm/panthor/panthor_mmu.h              |    8 +
 drivers/gpu/drm/panthor/panthor_mmu_regs.h         |   69 +
 drivers/gpu/drm/panthor/panthor_pwr.c              |   95 +-
 drivers/gpu/drm/panthor/panthor_pwr_regs.h         |   79 ++
 drivers/gpu/drm/panthor/panthor_regs.h             |  291 ----
 drivers/gpu/drm/panthor/panthor_sched.c            |   90 +-
 drivers/gpu/drm/renesas/rcar-du/rcar_du_encoder.c  |   31 +-
 drivers/gpu/drm/renesas/rcar-du/rcar_du_encoder.h  |    1 +
 drivers/gpu/drm/renesas/rcar-du/rcar_du_kms.c      |    2 +
 drivers/gpu/drm/renesas/rz-du/rzg2l_du_encoder.c   |   15 +-
 drivers/gpu/drm/renesas/rz-du/rzg2l_du_vsp.c       |   16 +
 drivers/gpu/drm/renesas/rz-du/rzg2l_du_vsp.h       |    2 +
 drivers/gpu/drm/renesas/rz-du/rzg2l_mipi_dsi.c     |   34 +-
 drivers/gpu/drm/renesas/shmobile/shmob_drm_crtc.c  |   16 +-
 drivers/gpu/drm/rockchip/Kconfig                   |    1 +
 drivers/gpu/drm/rockchip/analogix_dp-rockchip.c    |   67 +-
 drivers/gpu/drm/rockchip/cdn-dp-core.c             |    2 -
 drivers/gpu/drm/rockchip/cdn-dp-reg.c              |    2 +
 drivers/gpu/drm/rockchip/dw_dp-rockchip.c          |   33 +-
 drivers/gpu/drm/rockchip/dw_hdmi_qp-rockchip.c     |   15 +-
 drivers/gpu/drm/rockchip/inno_hdmi-rockchip.c      |    5 +-
 drivers/gpu/drm/rockchip/rk3066_hdmi.c             |    2 -
 drivers/gpu/drm/rockchip/rockchip_drm_gem.c        |    2 +-
 drivers/gpu/drm/rockchip/rockchip_lvds.c           |    6 -
 drivers/gpu/drm/rockchip/rockchip_rgb.c            |    9 -
 drivers/gpu/drm/scheduler/Makefile                 |    2 +-
 drivers/gpu/drm/scheduler/sched_entity.c           |  175 +--
 drivers/gpu/drm/scheduler/sched_fence.c            |    2 +-
 drivers/gpu/drm/scheduler/sched_internal.h         |   70 +-
 drivers/gpu/drm/scheduler/sched_main.c             |  351 +----
 drivers/gpu/drm/scheduler/sched_rq.c               |  383 ++++++
 drivers/gpu/drm/scheduler/tests/Makefile           |    3 +-
 drivers/gpu/drm/scheduler/tests/mock_scheduler.c   |    1 -
 drivers/gpu/drm/scheduler/tests/tests_scheduler.c  |  882 ++++++++++++
 drivers/gpu/drm/sysfb/corebootdrm.c                |   21 +
 drivers/gpu/drm/sysfb/efidrm.c                     |   19 +
 drivers/gpu/drm/sysfb/ofdrm.c                      |   19 +
 drivers/gpu/drm/sysfb/simpledrm.c                  |   21 +
 drivers/gpu/drm/sysfb/vesadrm.c                    |   19 +
 drivers/gpu/drm/tegra/hdmi.c                       |    2 -
 drivers/gpu/drm/tegra/rgb.c                        |    2 -
 drivers/gpu/drm/tests/drm_bridge_test.c            |    2 -
 drivers/gpu/drm/tidss/tidss_encoder.c              |    8 +-
 drivers/gpu/drm/tidss/tidss_kms.c                  |    2 -
 drivers/gpu/drm/tilcdc/tilcdc_crtc.c               |    2 +-
 drivers/gpu/drm/tilcdc/tilcdc_encoder.c            |    6 -
 drivers/gpu/drm/v3d/Makefile                       |    1 +
 drivers/gpu/drm/v3d/v3d_debugfs.c                  |   23 +-
 drivers/gpu/drm/v3d/v3d_drv.c                      |  160 +--
 drivers/gpu/drm/v3d/v3d_drv.h                      |   18 +
 drivers/gpu/drm/v3d/v3d_gem.c                      |   17 +-
 drivers/gpu/drm/v3d/v3d_irq.c                      |   15 +-
 drivers/gpu/drm/v3d/v3d_mmu.c                      |   10 +-
 drivers/gpu/drm/v3d/v3d_perfmon.c                  |   18 +-
 drivers/gpu/drm/v3d/v3d_power.c                    |   87 ++
 drivers/gpu/drm/v3d/v3d_sched.c                    |    1 -
 drivers/gpu/drm/v3d/v3d_submit.c                   |   19 +-
 drivers/gpu/drm/vc4/vc4_bo.c                       |    1 -
 drivers/gpu/drm/vc4/vc4_drv.c                      |    2 -
 drivers/gpu/drm/vc4/vc4_gem.c                      |    1 -
 drivers/gpu/drm/vc4/vc4_irq.c                      |   33 +-
 drivers/gpu/drm/vc4/vc4_plane.c                    |    2 -
 drivers/gpu/drm/vc4/vc4_render_cl.c                |    1 -
 drivers/gpu/drm/vc4/vc4_validate.c                 |    1 -
 drivers/gpu/drm/verisilicon/vs_bridge.c            |    1 -
 drivers/gpu/drm/verisilicon/vs_plane.c             |   54 +-
 drivers/gpu/drm/verisilicon/vs_plane.h             |   18 +-
 drivers/gpu/drm/verisilicon/vs_primary_plane.c     |   48 +-
 drivers/gpu/drm/vmwgfx/vmwgfx_kms.h                |    2 -
 drivers/gpu/drm/vmwgfx/vmwgfx_ldu.c                |    1 +
 drivers/gpu/drm/vmwgfx/vmwgfx_scrn.c               |    1 +
 drivers/gpu/drm/vmwgfx/vmwgfx_stdu.c               |    1 +
 drivers/gpu/drm/vmwgfx/vmwgfx_vkms.c               |   70 +-
 drivers/gpu/drm/vmwgfx/vmwgfx_vkms.h               |    2 +-
 drivers/gpu/drm/xe/xe_dep_scheduler.c              |    1 -
 drivers/gpu/drm/xe/xe_execlist.c                   |    1 -
 drivers/gpu/drm/xe/xe_gpu_scheduler.c              |    1 -
 drivers/gpu/drm/xe/xe_svm.c                        |    1 -
 drivers/gpu/drm/xe/xe_sync.c                       |    2 +-
 drivers/gpu/drm/xe/xe_vm.c                         |    2 +-
 drivers/gpu/drm/xlnx/zynqmp_kms.c                  |    6 -
 include/drm/bridge/analogix_dp.h                   |    8 +-
 include/drm/bridge/dw_hdmi.h                       |    6 +
 include/drm/bridge/imx.h                           |   17 -
 include/drm/bridge/of-display-mode-bridge.h        |   17 +
 include/drm/drm_bridge.h                           |   73 +-
 include/drm/drm_connector.h                        |    2 +-
 include/drm/drm_debugfs_crc.h                      |    2 +-
 include/drm/drm_edid.h                             |    3 +
 include/drm/drm_encoder.h                          |    4 +
 include/drm/drm_gpusvm.h                           |    5 +
 include/drm/drm_mipi_dsi.h                         |    1 +
 include/drm/drm_of.h                               |   13 +
 include/drm/drm_pagemap.h                          |    9 +-
 include/drm/drm_panel.h                            |    1 +
 include/drm/gpu_scheduler.h                        |   45 +-
 include/linux/dma-fence-array.h                    |    6 +-
 include/trace/events/amdxdna.h                     |   42 +-
 include/trace/events/dma_fence.h                   |   40 +-
 include/uapi/drm/amdxdna_accel.h                   |    3 +-
 include/uapi/drm/drm.h                             |   27 +-
 include/uapi/drm/drm_fourcc.h                      |   20 +-
 include/uapi/drm/drm_mode.h                        |   19 +-
 include/uapi/drm/drm_sarea.h                       |   20 +-
 328 files changed, 13239 insertions(+), 5051 deletions(-)
 create mode 100644 Documentation/ABI/obsolete/sysfs-driver-ivpu
 create mode 100644 Documentation/ABI/testing/sysfs-driver-ivpu
 create mode 100644 Documentation/devicetree/bindings/display/panel/focaltech,ota7290b.yaml
 create mode 100644 drivers/accel/amdxdna/aie.c
 create mode 100644 drivers/accel/amdxdna/aie.h
 delete mode 100644 drivers/accel/amdxdna/aie2_psp.c
 delete mode 100644 drivers/accel/amdxdna/aie2_smu.c
 create mode 100644 drivers/accel/amdxdna/aie4_message.c
 create mode 100644 drivers/accel/amdxdna/aie4_msg_priv.h
 create mode 100644 drivers/accel/amdxdna/aie4_pci.c
 create mode 100644 drivers/accel/amdxdna/aie4_pci.h
 create mode 100644 drivers/accel/amdxdna/aie4_sriov.c
 create mode 100644 drivers/accel/amdxdna/aie_psp.c
 create mode 100644 drivers/accel/amdxdna/aie_smu.c
 create mode 100644 drivers/accel/amdxdna/npu3_regs.c
 create mode 100644 drivers/dma-buf/.kunitconfig
 delete mode 100644 drivers/dma-buf/selftest.c
 delete mode 100644 drivers/dma-buf/selftest.h
 delete mode 100644 drivers/dma-buf/selftests.h
 delete mode 100644 drivers/gpu/drm/bridge/imx/imx-legacy-bridge.c
 create mode 100644 drivers/gpu/drm/bridge/imx/imx8mp-hdmi-tx-connector-fixup.c
 create mode 100644 drivers/gpu/drm/bridge/imx/imx8mp-hdmi-tx-connector-fixup.dtso
 create mode 100644 drivers/gpu/drm/bridge/of-display-mode-bridge.c
 create mode 100644 drivers/gpu/drm/panel/panel-focaltech-ota7290b.c
 create mode 100644 drivers/gpu/drm/panthor/panthor_fw_regs.h
 create mode 100644 drivers/gpu/drm/panthor/panthor_gpu_regs.h
 create mode 100644 drivers/gpu/drm/panthor/panthor_mmu_regs.h
 create mode 100644 drivers/gpu/drm/panthor/panthor_pwr_regs.h
 delete mode 100644 drivers/gpu/drm/panthor/panthor_regs.h
 create mode 100644 drivers/gpu/drm/scheduler/sched_rq.c
 create mode 100644 drivers/gpu/drm/scheduler/tests/tests_scheduler.c
 create mode 100644 drivers/gpu/drm/v3d/v3d_power.c
 delete mode 100644 include/drm/bridge/imx.h
 create mode 100644 include/drm/bridge/of-display-mode-bridge.h
Merging amdgpu/drm-next (399b9abc353c drm/amd/display: Use EDID from VBIOS embedded panel info)
  00218d15528f ("drm/amdgpu/gfx6: Support harvested SI chips with disabled TCCs (v2)")
  084d94ac9370 ("drm/amdgpu/vcn: set no_user_fence for VCN v4.0.5 enc ring")
  0a214d888485 ("drm/amd: Adjust ASPM support quirk to cover more Intel hosts")
  0f43893d3cd4 ("drm/amdgpu/jpeg: set no_user_fence for JPEG v5.0.0 ring")
  12f52fab1150 ("drm/amdgpu: rework userq fence signal processing")
  155baf3038c1 ("drm/amd/display: Allow constructing DCE8 link encoder without DDC")
  2802952e4a07 ("drm/amdgpu: avoid double drm_exec_fini() in userq validate")
  2f6afc97d259 ("drm/amdgpu/jpeg: set no_user_fence for JPEG v4.0.3 ring")
  3216a7f4e264 ("drm/amdgpu/jpeg: set no_user_fence for JPEG v2.5 ring")
  3427dea3a48e ("drm/amd/pm: fix missing fine-grained dpm table flag on aldebaran")
  361b6e6b303d ("drm/amdgpu: fix AMDGPU_INFO_READ_MMR_REG")
  38a70e50b22a ("drm/amd/display: Allow constructing DCE6 link encoder without DDC")
  399b9abc353c ("drm/amd/display: Use EDID from VBIOS embedded panel info")
  3c5367d95014 ("drm/amdgpu/vcn4: Avoid overflow on msg bound check")
  3d9de5d86a16 ("drm/amdgpu/gmc: Fix AMDGPU_GART_PLACEMENT_LOW to not overlap with VRAM")
  4259a25341ab ("amdkfd: Only ignore -ENOENT for KFD init failuires")
  48fc78c31ea7 ("drm/amdgpu/vcn: set no_user_fence for VCN v5.0.2 enc ring")
  49b1fbbb5a07 ("drm/amdgpu/vcn: set no_user_fence for VCN v5.0.0 enc ring")
  4d7d774f100e ("drm/amdgpu/jpeg: set no_user_fence for JPEG v3.0 ring")
  4ec1c402fb0f ("drm/amdgpu/jpeg: set no_user_fence for JPEG v5.0.2 ring")
  55f8e366c326 ("drm/amdkfd: check if vm ready in svm map and unmap to gpu")
  5719ce586527 ("drm/amdgpu: fix zero-size GDS range init on RDNA4")
  5cdc219fe86a ("drm/amdgpu: fix root reservation in amdgpu_vm_handle_fault")
  5eca8bfdfa45 ("drm/amdkfd: validate SVM ioctl nattr against buffer size")
  663bed3c7b8b ("drm/amdgpu/vcn: set no_user_fence for VCN v3.0 enc/dec rings")
  66cb6579990b ("drm/amdgpu: clean up the userq unmap error handler")
  6be8ced880df ("drm/amd/display: Disable 10-bit truncation and dithering on DCE 6.x")
  742a98e2e817 ("drm/amdgpu/jpeg: set no_user_fence for JPEG v5.0.1 ring")
  75b8a6ca0e8b ("drm/amd/display: Allow embedded connectors without DDC")
  7b81bc38e92c ("drm/amdgpu: fix build for CONFIG_DRM_FBDEV_EMULATION=n")
  7f19097af149 ("drm/amd/pm: Update emit clock logic")
  86ac011ae234 ("drm/amdgpu/jpeg: set no_user_fence for JPEG v5.3.0 ring")
  87f30b101af6 ("drm/amd/display: Allow DCE link encoder without AUX registers")
  889a2cfd889c ("drm/amdgpu/uvd3.1: Don't validate the firmware when already validated")
  8bc09a7d0e90 ("drm/amdgpu: Only send RMA CPER when threshold is exceeded")
  8d0cac9478a3 ("drm/amdgpu/jpeg: set no_user_fence for JPEG v4.0 ring")
  922fccc2d3f8 ("drm/amd/display: properly handle family setting for early GC 11.5.4")
  96179da0c6b0 ("drm/amdgpu/jpeg: set no_user_fence for JPEG v2.0 ring")
  98ff46a5ea09 ("drm/amdkfd: Add upper bound check for num_of_nodes")
  9d47b2c36b9a ("drm/amdgpu: OR init_pte_flags into invalid leaf PTE updates")
  bc621e91d6fc ("drm/amd/display: Undo accidental fix revert in amdgpu_dm_ism.c")
  cea8349e4494 ("drm/amd/display: Restore analog connector support")
  d0a8cadffc81 ("drm/amdgpu: Avoid reset in AMDGPU unload path for APUs with GFX V11 and higher.")
  d4871d837bbf ("drm/amd/pm: Add fine grained flag to SMU v13.0.6")
  db00257ac9e4 ("drm/amdgpu/vcn3: Avoid overflow on msg bound check")
  df482c2d441b ("drm/amd/display: Restore 5s vbl offdelay for NV3x+ DGPUs")
  e16be95a2c3e ("drm/amdgpu/vcn: set no_user_fence for VCN v5.0.1 enc ring")
  e2b5499fca55 ("drm/amdgpu/vcn: set no_user_fence for VCN v2.0 enc/dec rings")
  eb105e63b474 ("drm/amd/display: Read EDID from VBIOS embedded panel info")
  efc9dd559089 ("drm/amdgpu/vcn: set no_user_fence for VCN v2.5 enc/dec rings")
  f05d0a4f21fc ("drm/amdgpu/jpeg: set no_user_fence for JPEG v4.0.5 ring")
  fd852c048b46 ("drm/amdgpu/vcn: set no_user_fence for VCN v4.0 enc ring")
  ff1a5a125c5a ("drm/amdgpu/vcn: set no_user_fence for VCN v4.0.3 enc ring")
$ git merge -m Merge branch 'drm-next' of https://gitlab.freedesktop.org/agd5f/linux.git amdgpu/drm-next
Auto-merging drivers/gpu/drm/amd/amdgpu/amdgpu_device.c
Auto-merging drivers/gpu/drm/amd/amdgpu/amdgpu_discovery.c
Auto-merging drivers/gpu/drm/amd/amdgpu/amdgpu_gmc.c
Auto-merging drivers/gpu/drm/amd/amdgpu/amdgpu_object.c
Auto-merging drivers/gpu/drm/amd/amdgpu/amdgpu_ttm.c
Auto-merging drivers/gpu/drm/amd/amdgpu/amdgpu_vm.c
Auto-merging drivers/gpu/drm/amd/amdgpu/amdgpu_vm_pt.c
Auto-merging drivers/gpu/drm/amd/amdgpu/amdgpu_vm_sdma.c
Auto-merging drivers/gpu/drm/amd/amdgpu/gfx_v11_0.c
Auto-merging drivers/gpu/drm/amd/amdgpu/gfx_v12_0.c
Auto-merging drivers/gpu/drm/amd/amdgpu/gfx_v12_1.c
Auto-merging drivers/gpu/drm/amd/amdgpu/jpeg_v2_5.c
Auto-merging drivers/gpu/drm/amd/amdgpu/sdma_v6_0.c
Auto-merging drivers/gpu/drm/amd/amdgpu/sdma_v7_0.c
Auto-merging drivers/gpu/drm/amd/amdkfd/kfd_chardev.c
Auto-merging drivers/gpu/drm/amd/amdkfd/kfd_priv.h
Auto-merging drivers/gpu/drm/amd/amdkfd/kfd_topology.c
Auto-merging drivers/gpu/drm/amd/display/amdgpu_dm/amdgpu_dm.c
Auto-merging drivers/gpu/drm/amd/display/amdgpu_dm/amdgpu_dm_ism.c
Auto-merging drivers/gpu/drm/amd/display/dc/bios/bios_parser.c
Auto-merging drivers/gpu/drm/amd/display/dc/core/dc_resource.c
Auto-merging drivers/gpu/drm/amd/display/dc/dc.h
Auto-merging drivers/gpu/drm/amd/display/dc/hwss/dce110/dce110_hwseq.c
Auto-merging drivers/gpu/drm/amd/display/dc/link/link_factory.c
Auto-merging drivers/gpu/drm/amd/pm/swsmu/smu13/smu_v13_0_6_ppt.c
Merge made by the 'ort' strategy.
 Documentation/gpu/amdgpu/amdgpu-glossary.rst       |     9 +-
 drivers/gpu/drm/amd/amdgpu/Makefile                |     2 +-
 drivers/gpu/drm/amd/amdgpu/amdgpu.h                |     2 +
 drivers/gpu/drm/amd/amdgpu/amdgpu_cper.c           |    12 +-
 drivers/gpu/drm/amd/amdgpu/amdgpu_device.c         |    21 +-
 drivers/gpu/drm/amd/amdgpu/amdgpu_discovery.c      |    29 +
 drivers/gpu/drm/amd/amdgpu/amdgpu_discovery.h      |     2 +
 drivers/gpu/drm/amd/amdgpu/amdgpu_gem.c            |    25 +-
 drivers/gpu/drm/amd/amdgpu/amdgpu_gmc.c            |     7 +-
 drivers/gpu/drm/amd/amdgpu/amdgpu_gmc.h            |     2 +
 drivers/gpu/drm/amd/amdgpu/amdgpu_ih.h             |     6 +
 drivers/gpu/drm/amd/amdgpu/amdgpu_imu.h            |     1 -
 drivers/gpu/drm/amd/amdgpu/amdgpu_mes.c            |    84 +-
 drivers/gpu/drm/amd/amdgpu/amdgpu_mes.h            |    23 +-
 drivers/gpu/drm/amd/amdgpu/amdgpu_mode.h           |     4 -
 drivers/gpu/drm/amd/amdgpu/amdgpu_nbio.c           |    10 +
 drivers/gpu/drm/amd/amdgpu/amdgpu_nbio.h           |     2 +
 drivers/gpu/drm/amd/amdgpu/amdgpu_object.c         |    18 +-
 drivers/gpu/drm/amd/amdgpu/amdgpu_psp.c            |     9 +-
 drivers/gpu/drm/amd/amdgpu/amdgpu_reg_access.c     |    18 +
 drivers/gpu/drm/amd/amdgpu/amdgpu_reg_access.h     |     3 +
 drivers/gpu/drm/amd/amdgpu/amdgpu_ttm.c            |   328 +-
 drivers/gpu/drm/amd/amdgpu/amdgpu_ttm.h            |    20 +-
 drivers/gpu/drm/amd/amdgpu/amdgpu_vkms.c           |   123 +-
 drivers/gpu/drm/amd/amdgpu/amdgpu_vm.c             |     2 +-
 drivers/gpu/drm/amd/amdgpu/amdgpu_vm.h             |     6 +-
 drivers/gpu/drm/amd/amdgpu/amdgpu_vm_cpu.c         |    11 +-
 drivers/gpu/drm/amd/amdgpu/amdgpu_vm_pt.c          |     9 -
 drivers/gpu/drm/amd/amdgpu/amdgpu_vm_sdma.c        |    11 +-
 drivers/gpu/drm/amd/amdgpu/cik_sdma.c              |    13 +-
 drivers/gpu/drm/amd/amdgpu/gfx_v10_0.c             |     5 +
 drivers/gpu/drm/amd/amdgpu/gfx_v11_0.c             |     7 +-
 drivers/gpu/drm/amd/amdgpu/gfx_v12_0.c             |     5 +
 drivers/gpu/drm/amd/amdgpu/gfx_v12_1.c             |    99 +-
 drivers/gpu/drm/amd/amdgpu/gfx_v12_1_pkt.h         |   415 +-
 drivers/gpu/drm/amd/amdgpu/gfx_v7_0.c              |     7 +-
 drivers/gpu/drm/amd/amdgpu/gfx_v8_0.c              |     6 +-
 drivers/gpu/drm/amd/amdgpu/gfx_v9_0.c              |     6 +-
 drivers/gpu/drm/amd/amdgpu/gfx_v9_4_3.c            |     6 +-
 drivers/gpu/drm/amd/amdgpu/gmc_v12_0.c             |     6 +-
 drivers/gpu/drm/amd/amdgpu/gmc_v12_1.c             |    13 +
 drivers/gpu/drm/amd/amdgpu/gmc_v9_0.c              |    35 +-
 drivers/gpu/drm/amd/amdgpu/ih_v7_0.c               |    40 +-
 drivers/gpu/drm/amd/amdgpu/imu_v12_1.c             |    12 +-
 drivers/gpu/drm/amd/amdgpu/jpeg_v2_5.c             |     2 +-
 drivers/gpu/drm/amd/amdgpu/mes_userqueue.c         |     2 +-
 drivers/gpu/drm/amd/amdgpu/mes_v12_1.c             |   147 +-
 drivers/gpu/drm/amd/amdgpu/nbio_v6_3_2.c           |   369 +
 drivers/gpu/drm/amd/amdgpu/nbio_v6_3_2.h           |    31 +
 drivers/gpu/drm/amd/amdgpu/nv.c                    |    31 +-
 drivers/gpu/drm/amd/amdgpu/psp_v15_0_8.c           |     1 +
 drivers/gpu/drm/amd/amdgpu/sdma_v2_4.c             |     8 +-
 drivers/gpu/drm/amd/amdgpu/sdma_v3_0.c             |     8 +-
 drivers/gpu/drm/amd/amdgpu/sdma_v4_0.c             |    17 +-
 drivers/gpu/drm/amd/amdgpu/sdma_v4_4_2.c           |    12 +-
 drivers/gpu/drm/amd/amdgpu/sdma_v5_0.c             |    11 +-
 drivers/gpu/drm/amd/amdgpu/sdma_v5_2.c             |    14 +-
 drivers/gpu/drm/amd/amdgpu/sdma_v6_0.c             |     5 +-
 drivers/gpu/drm/amd/amdgpu/sdma_v7_0.c             |     5 +-
 drivers/gpu/drm/amd/amdgpu/sdma_v7_1.c             |    12 +-
 drivers/gpu/drm/amd/amdgpu/si_dma.c                |    12 +-
 drivers/gpu/drm/amd/amdgpu/soc15.c                 |    30 +-
 drivers/gpu/drm/amd/amdgpu/soc21.c                 |    30 +-
 drivers/gpu/drm/amd/amdgpu/soc24.c                 |    21 +-
 drivers/gpu/drm/amd/amdgpu/soc_v1_0.c              |    33 +-
 drivers/gpu/drm/amd/amdkfd/kfd_chardev.c           |     3 +
 .../gpu/drm/amd/amdkfd/kfd_device_queue_manager.c  |   151 +-
 .../gpu/drm/amd/amdkfd/kfd_device_queue_manager.h  |     4 +-
 .../amd/amdkfd/kfd_device_queue_manager_v12_1.c    |    19 +-
 drivers/gpu/drm/amd/amdkfd/kfd_events.c            |     5 +
 drivers/gpu/drm/amd/amdkfd/kfd_migrate.c           |     3 +-
 drivers/gpu/drm/amd/amdkfd/kfd_mqd_manager_v12_1.c |     6 +-
 drivers/gpu/drm/amd/amdkfd/kfd_priv.h              |     4 +-
 drivers/gpu/drm/amd/amdkfd/kfd_topology.c          |     1 +
 drivers/gpu/drm/amd/display/amdgpu_dm/amdgpu_dm.c  |   346 +-
 drivers/gpu/drm/amd/display/amdgpu_dm/amdgpu_dm.h  |    10 +
 .../gpu/drm/amd/display/amdgpu_dm/amdgpu_dm_crc.c  |    36 +-
 .../gpu/drm/amd/display/amdgpu_dm/amdgpu_dm_crtc.c |    70 +-
 .../gpu/drm/amd/display/amdgpu_dm/amdgpu_dm_crtc.h |     5 +-
 .../drm/amd/display/amdgpu_dm/amdgpu_dm_debugfs.c  |    60 +-
 .../gpu/drm/amd/display/amdgpu_dm/amdgpu_dm_ism.c  |    26 +-
 .../gpu/drm/amd/display/amdgpu_dm/amdgpu_dm_psr.c  |   244 +-
 .../gpu/drm/amd/display/amdgpu_dm/amdgpu_dm_psr.h  |    13 +-
 .../drm/amd/display/amdgpu_dm/amdgpu_dm_replay.c   |   143 +-
 .../drm/amd/display/amdgpu_dm/amdgpu_dm_replay.h   |    28 +-
 .../drm/amd/display/amdgpu_dm/amdgpu_dm_services.c |    27 +
 .../gpu/drm/amd/display/dc/basics/custom_float.c   |     2 +-
 drivers/gpu/drm/amd/display/dc/basics/dce_calcs.c  |     2 +-
 drivers/gpu/drm/amd/display/dc/bios/bios_parser.c  |     6 +-
 drivers/gpu/drm/amd/display/dc/bios/bios_parser2.c |    21 +-
 .../gpu/drm/amd/display/dc/bios/command_table.c    |    12 +-
 .../gpu/drm/amd/display/dc/bios/command_table2.c   |     4 +-
 .../amd/display/dc/clk_mgr/dce110/dce110_clk_mgr.c |     6 +-
 .../drm/amd/display/dc/clk_mgr/dcn21/rn_clk_mgr.c  |    12 +-
 .../amd/display/dc/clk_mgr/dcn30/dcn30_clk_mgr.c   |    39 +-
 .../drm/amd/display/dc/clk_mgr/dcn301/vg_clk_mgr.c |    13 +-
 .../amd/display/dc/clk_mgr/dcn31/dcn31_clk_mgr.c   |    14 +-
 .../amd/display/dc/clk_mgr/dcn314/dcn314_clk_mgr.c |    14 +-
 .../amd/display/dc/clk_mgr/dcn315/dcn315_clk_mgr.c |    15 +-
 .../amd/display/dc/clk_mgr/dcn316/dcn316_clk_mgr.c |    15 +-
 .../amd/display/dc/clk_mgr/dcn32/dcn32_clk_mgr.c   |    43 +-
 .../amd/display/dc/clk_mgr/dcn35/dcn35_clk_mgr.c   |    16 +-
 .../amd/display/dc/clk_mgr/dcn401/dcn401_clk_mgr.c |    40 +-
 .../amd/display/dc/clk_mgr/dcn42/dcn42_clk_mgr.c   |    22 +-
 .../drm/amd/display/dc/clk_mgr/dcn42/dcn42_smu.c   |     1 -
 drivers/gpu/drm/amd/display/dc/core/dc.c           |   350 +-
 .../gpu/drm/amd/display/dc/core/dc_hw_sequencer.c  |   577 +-
 drivers/gpu/drm/amd/display/dc/core/dc_resource.c  |    66 +-
 drivers/gpu/drm/amd/display/dc/core/dc_stream.c    |    26 +-
 drivers/gpu/drm/amd/display/dc/core/dc_surface.c   |     2 +-
 drivers/gpu/drm/amd/display/dc/dc.h                |    25 +-
 drivers/gpu/drm/amd/display/dc/dc_dmub_srv.c       |   137 +-
 drivers/gpu/drm/amd/display/dc/dc_fused_io.c       |     6 +-
 drivers/gpu/drm/amd/display/dc/dc_helper.c         |    12 +-
 drivers/gpu/drm/amd/display/dc/dc_stream.h         |    41 +-
 drivers/gpu/drm/amd/display/dc/dc_types.h          |    30 +
 .../gpu/drm/amd/display/dc/dccg/dcn31/dcn31_dccg.c |     4 +-
 .../drm/amd/display/dc/dccg/dcn401/dcn401_dccg.c   |    20 +-
 .../gpu/drm/amd/display/dc/dccg/dcn42/dcn42_dccg.c |     2 +
 drivers/gpu/drm/amd/display/dc/dce/dce_aux.c       |     4 +-
 .../gpu/drm/amd/display/dc/dce/dce_clock_source.c  |    24 +-
 drivers/gpu/drm/amd/display/dc/dce/dce_i2c_hw.c    |     2 +-
 drivers/gpu/drm/amd/display/dc/dce/dce_i2c_sw.c    |    16 +-
 .../gpu/drm/amd/display/dc/dce/dce_panel_cntl.c    |     4 +-
 drivers/gpu/drm/amd/display/dc/dce/dce_transform.c |     8 +-
 drivers/gpu/drm/amd/display/dc/dce/dmub_abm_lcd.c  |    14 +-
 drivers/gpu/drm/amd/display/dc/dce/dmub_psr.c      |    12 +-
 drivers/gpu/drm/amd/display/dc/dce/dmub_replay.c   |    23 +-
 .../amd/display/dc/dce80/dce80_timing_generator.c  |     2 +-
 .../gpu/drm/amd/display/dc/dcn10/dcn10_cm_common.c |     4 +-
 .../dc/dio/dcn401/dcn401_dio_stream_encoder.c      |     2 +-
 .../display/dc/dio/dcn42/dcn42_dio_link_encoder.h  |     2 -
 .../dc/dio/dcn42/dcn42_dio_stream_encoder.c        |     4 +-
 .../drm/amd/display/dc/dml/calcs/dcn_calc_auto.c   |  1824 +-
 .../drm/amd/display/dc/dml/calcs/dcn_calc_math.c   |     6 +-
 .../gpu/drm/amd/display/dc/dml/calcs/dcn_calcs.c   |   285 +-
 .../gpu/drm/amd/display/dc/dml/dcn20/dcn20_fpu.c   |   119 +-
 .../amd/display/dc/dml/dcn20/display_mode_vba_20.c |   292 +-
 .../display/dc/dml/dcn20/display_mode_vba_20v2.c   |   290 +-
 .../display/dc/dml/dcn20/display_rq_dlg_calc_20.c  |   164 +-
 .../dc/dml/dcn20/display_rq_dlg_calc_20v2.c        |   164 +-
 .../amd/display/dc/dml/dcn21/display_mode_vba_21.c |   296 +-
 .../display/dc/dml/dcn21/display_rq_dlg_calc_21.c  |    80 +-
 .../gpu/drm/amd/display/dc/dml/dcn30/dcn30_fpu.c   |    76 +-
 .../amd/display/dc/dml/dcn30/display_mode_vba_30.c |   328 +-
 .../display/dc/dml/dcn30/display_rq_dlg_calc_30.c  |    82 +-
 .../gpu/drm/amd/display/dc/dml/dcn301/dcn301_fpu.c |    20 +-
 .../gpu/drm/amd/display/dc/dml/dcn302/dcn302_fpu.c |    16 +-
 .../gpu/drm/amd/display/dc/dml/dcn303/dcn303_fpu.c |    16 +-
 .../gpu/drm/amd/display/dc/dml/dcn31/dcn31_fpu.c   |    26 +-
 .../amd/display/dc/dml/dcn31/display_mode_vba_31.c |   354 +-
 .../display/dc/dml/dcn31/display_rq_dlg_calc_31.c  |    76 +-
 .../gpu/drm/amd/display/dc/dml/dcn314/dcn314_fpu.c |     8 +-
 .../display/dc/dml/dcn314/display_mode_vba_314.c   |   358 +-
 .../dc/dml/dcn314/display_rq_dlg_calc_314.c        |    80 +-
 .../gpu/drm/amd/display/dc/dml/dcn32/dcn32_fpu.c   |   328 +-
 .../amd/display/dc/dml/dcn32/display_mode_vba_32.c |   174 +-
 .../dc/dml/dcn32/display_mode_vba_util_32.c        |   324 +-
 .../display/dc/dml/dcn32/display_rq_dlg_calc_32.c  |   138 +-
 .../gpu/drm/amd/display/dc/dml/dcn321/dcn321_fpu.c |    49 +-
 .../gpu/drm/amd/display/dc/dml/dcn35/dcn35_fpu.c   |    22 +-
 .../gpu/drm/amd/display/dc/dml/dcn351/dcn351_fpu.c |    22 +-
 .../gpu/drm/amd/display/dc/dml/display_mode_vba.c  |     4 +-
 .../amd/display/dc/dml/dml1_display_rq_dlg_calc.c  |    32 +-
 .../gpu/drm/amd/display/dc/dml/dsc/rc_calc_fpu.c   |    82 +-
 drivers/gpu/drm/amd/display/dc/dml2_0/README.md    |    31 +
 .../drm/amd/display/dc/dml2_0/display_mode_core.c  |    14 +-
 .../drm/amd/display/dc/dml2_0/display_mode_util.c  |    20 +-
 .../dc/dml2_0/dml21/dml21_translation_helper.c     |    15 +-
 .../drm/amd/display/dc/dml2_0/dml21/dml21_utils.c  |     2 +-
 .../display/dc/dml2_0/dml21/inc/dml_top_types.h    |     1 -
 .../dml2_0/dml21/src/dml2_core/dml2_core_factory.c |     1 -
 .../dml2_0/dml21/src/dml2_dpmm/dml2_dpmm_factory.c |     1 -
 .../dml2_0/dml21/src/dml2_mcg/dml2_mcg_factory.c   |     1 -
 .../dml2_0/dml21/src/dml2_pmo/dml2_pmo_factory.c   |     3 +-
 .../dml21/src/dml2_top/dml2_top_interfaces.c       |     1 -
 .../drm/amd/display/dc/dml2_0/dml2_mall_phantom.c  |   105 +-
 .../gpu/drm/amd/display/dc/dml2_0/dml2_policy.c    |     6 +-
 .../display/dc/dml2_0/dml2_translation_helper.c    |     4 +-
 drivers/gpu/drm/amd/display/dc/dml2_0/dml2_utils.c |    40 +-
 .../gpu/drm/amd/display/dc/dpp/dcn42/dcn42_dpp.c   |    15 +-
 .../gpu/drm/amd/display/dc/dsc/dcn20/dcn20_dsc.c   |    16 +-
 drivers/gpu/drm/amd/display/dc/dsc/rc_calc_dpi.c   |    33 +-
 drivers/gpu/drm/amd/display/dc/gpio/hw_ddc.c       |     2 +-
 drivers/gpu/drm/amd/display/dc/gpio/hw_generic.c   |     2 +-
 drivers/gpu/drm/amd/display/dc/gpio/hw_gpio.c      |     2 +-
 drivers/gpu/drm/amd/display/dc/gpio/hw_gpio.h      |     9 +
 drivers/gpu/drm/amd/display/dc/gpio/hw_hpd.c       |     2 +-
 .../drm/amd/display/dc/hubbub/dcn10/dcn10_hubbub.c |    16 +-
 .../drm/amd/display/dc/hubbub/dcn20/dcn20_hubbub.c |    28 +-
 .../drm/amd/display/dc/hubbub/dcn20/dcn20_hubbub.h |     3 +
 .../drm/amd/display/dc/hubbub/dcn21/dcn21_hubbub.c |    12 +-
 .../drm/amd/display/dc/hubbub/dcn30/dcn30_hubbub.c |    12 +-
 .../drm/amd/display/dc/hubbub/dcn31/dcn31_hubbub.c |    12 +-
 .../gpu/drm/amd/display/dc/hubp/dcn20/dcn20_hubp.c |     4 +-
 .../gpu/drm/amd/display/dc/hubp/dcn21/dcn21_hubp.c |     4 +-
 .../gpu/drm/amd/display/dc/hubp/dcn30/dcn30_hubp.c |     4 +-
 .../drm/amd/display/dc/hwss/dce110/dce110_hwseq.c  |    33 +-
 .../drm/amd/display/dc/hwss/dce120/dce120_hwseq.c  |    12 +-
 .../drm/amd/display/dc/hwss/dcn10/dcn10_hwseq.c    |    12 +-
 .../drm/amd/display/dc/hwss/dcn20/dcn20_hwseq.c    |    13 +-
 .../drm/amd/display/dc/hwss/dcn21/dcn21_hwseq.c    |     8 +-
 .../drm/amd/display/dc/hwss/dcn30/dcn30_hwseq.c    |    16 +-
 .../drm/amd/display/dc/hwss/dcn314/dcn314_hwseq.c  |    86 +-
 .../drm/amd/display/dc/hwss/dcn32/dcn32_hwseq.c    |     4 +-
 .../drm/amd/display/dc/hwss/dcn35/dcn35_hwseq.c    |    13 +-
 .../drm/amd/display/dc/hwss/dcn401/dcn401_hwseq.c  |    18 +-
 .../drm/amd/display/dc/hwss/dcn42/dcn42_hwseq.c    |     1 -
 drivers/gpu/drm/amd/display/dc/hwss/hw_sequencer.h |   138 +
 drivers/gpu/drm/amd/display/dc/inc/bw_fixed.h      |     2 +-
 drivers/gpu/drm/amd/display/dc/inc/hw/hubp.h       |     2 +-
 .../amd/display/dc/irq/dce110/irq_service_dce110.c |     2 +-
 .../amd/display/dc/link/accessories/link_dp_cts.c  |    37 +-
 .../amd/display/dc/link/hwss/link_hwss_hpo_dp.c    |     4 +-
 .../gpu/drm/amd/display/dc/link/link_detection.c   |     4 +-
 drivers/gpu/drm/amd/display/dc/link/link_dpms.c    |    16 +-
 drivers/gpu/drm/amd/display/dc/link/link_factory.c |     6 +-
 .../drm/amd/display/dc/link/protocols/link_ddc.c   |     5 +-
 .../display/dc/link/protocols/link_dp_capability.c |     2 +-
 .../amd/display/dc/link/protocols/link_dp_dpia.c   |     2 +-
 .../display/dc/link/protocols/link_dp_dpia_bw.c    |    10 +-
 .../dc/link/protocols/link_dp_irq_handler.c        |    51 +-
 .../dc/link/protocols/link_dp_panel_replay.c       |    27 +-
 .../dc/link/protocols/link_dp_training_8b_10b.c    |    10 +-
 .../dc/link/protocols/link_edp_panel_control.c     |    41 +-
 .../amd/display/dc/mmhubbub/dcn20/dcn20_mmhubbub.c |     4 +-
 .../amd/display/dc/mmhubbub/dcn32/dcn32_mmhubbub.c |     4 +-
 .../gpu/drm/amd/display/dc/optc/dcn20/dcn20_optc.c |     4 +-
 .../gpu/drm/amd/display/dc/optc/dcn42/dcn42_optc.h |     1 -
 .../display/dc/resource/dce110/dce110_resource.c   |     4 +-
 .../amd/display/dc/resource/dcn10/dcn10_resource.c |     4 +-
 .../amd/display/dc/resource/dcn20/dcn20_resource.c |    24 +-
 .../amd/display/dc/resource/dcn21/dcn21_resource.c |     2 +-
 .../amd/display/dc/resource/dcn30/dcn30_resource.c |    14 +-
 .../display/dc/resource/dcn301/dcn301_resource.c   |     8 +-
 .../display/dc/resource/dcn302/dcn302_resource.c   |     4 +-
 .../display/dc/resource/dcn303/dcn303_resource.c   |     4 +-
 .../amd/display/dc/resource/dcn31/dcn31_resource.c |     4 +-
 .../display/dc/resource/dcn314/dcn314_resource.c   |     4 +-
 .../display/dc/resource/dcn315/dcn315_resource.c   |     4 +-
 .../display/dc/resource/dcn316/dcn316_resource.c   |     4 +-
 .../amd/display/dc/resource/dcn32/dcn32_resource.c |    20 +-
 .../dc/resource/dcn32/dcn32_resource_helpers.c     |     2 +-
 .../display/dc/resource/dcn321/dcn321_resource.c   |     4 +-
 .../amd/display/dc/resource/dcn35/dcn35_resource.c |     4 +-
 .../display/dc/resource/dcn351/dcn351_resource.c   |     4 +-
 .../amd/display/dc/resource/dcn36/dcn36_resource.c |     4 +-
 .../display/dc/resource/dcn401/dcn401_resource.c   |     4 +-
 .../amd/display/dc/resource/dcn42/dcn42_resource.c |    57 +-
 .../dcn401/dcn401_soc_and_ip_translator.c          |    42 +-
 .../dcn42/dcn42_soc_and_ip_translator.c            |    14 +-
 drivers/gpu/drm/amd/display/dmub/inc/dmub_cmd.h    |    26 +-
 .../gpu/drm/amd/display/modules/inc/mod_power.h    |   415 +
 .../amd/display/modules/info_packet/info_packet.c  |     2 +-
 drivers/gpu/drm/amd/display/modules/power/Makefile |     2 +-
 drivers/gpu/drm/amd/display/modules/power/power.c  |  3024 ++
 .../drm/amd/display/modules/power/power_helpers.c  |    16 +-
 drivers/gpu/drm/amd/include/amd_cper.h             |     2 +-
 .../drm/amd/include/asic_reg/gc/gc_12_1_0_offset.h |   110 +
 .../amd/include/asic_reg/gc/gc_12_1_0_sh_mask.h    |   455 +
 .../drm/amd/include/asic_reg/gc/gc_12_1_1_offset.h |   149 +
 .../amd/include/asic_reg/gc/gc_12_1_1_sh_mask.h    |   377 +
 .../amd/include/asic_reg/nbio/nbio_6_3_2_offset.h  | 13149 +++++
 .../amd/include/asic_reg/nbio/nbio_6_3_2_sh_mask.h | 49475 +++++++++++++++++++
 drivers/gpu/drm/amd/pm/amdgpu_pm.c                 |     6 +-
 .../gpu/drm/amd/pm/swsmu/smu13/smu_v13_0_6_ppt.c   |     4 +
 .../gpu/drm/amd/pm/swsmu/smu15/smu_v15_0_8_ppt.c   |   215 +-
 .../gpu/drm/amd/pm/swsmu/smu15/smu_v15_0_8_ppt.h   |    34 +
 drivers/gpu/drm/radeon/cik.c                       |     2 +-
 drivers/gpu/drm/radeon/radeon_gem.c                |    13 +-
 drivers/gpu/drm/radeon/radeon_ring.c               |     4 +-
 drivers/gpu/drm/radeon/si.c                        |     2 +-
 272 files changed, 74373 insertions(+), 5683 deletions(-)
 create mode 100644 drivers/gpu/drm/amd/amdgpu/nbio_v6_3_2.c
 create mode 100644 drivers/gpu/drm/amd/amdgpu/nbio_v6_3_2.h
 create mode 100644 drivers/gpu/drm/amd/display/dc/dml2_0/README.md
 create mode 100644 drivers/gpu/drm/amd/display/modules/inc/mod_power.h
 create mode 100644 drivers/gpu/drm/amd/display/modules/power/power.c
 create mode 100755 drivers/gpu/drm/amd/include/asic_reg/gc/gc_12_1_1_offset.h
 create mode 100755 drivers/gpu/drm/amd/include/asic_reg/gc/gc_12_1_1_sh_mask.h
 create mode 100644 drivers/gpu/drm/amd/include/asic_reg/nbio/nbio_6_3_2_offset.h
 create mode 100644 drivers/gpu/drm/amd/include/asic_reg/nbio/nbio_6_3_2_sh_mask.h
Merging drm-intel/for-linux-next (68644d8fc854 drm/i915/display: move display funcs under modeset sub-struct)
  102d44b3a8fa ("drm/i915/backlight: Fix VESA backlight possible check condition")
  289678a90b8c ("drm/i915/psr: Init variable to avoid early exit from et alignment loop")
  da0cdc1c329d ("drm/i915/psr: Do not use pipe_src as borders for SU area")
  f002f7c7439d ("drm/i915/wm: Verify the correct plane DDB entry")
$ git merge -m Merge branch 'for-linux-next' of https://gitlab.freedesktop.org/drm/i915/kernel.git drm-intel/for-linux-next
Auto-merging drivers/gpu/drm/i915/display/intel_psr.c
Auto-merging drivers/gpu/drm/i915/display/skl_watermark.c
CONFLICT (content): Merge conflict in drivers/gpu/drm/i915/display/skl_watermark.c
Auto-merging drivers/gpu/drm/xe/Makefile
Resolved 'drivers/gpu/drm/i915/display/skl_watermark.c' using previous resolution.
Automatic merge failed; fix conflicts and then commit the result.
$ git commit --no-edit -v -a
[master 6ebb79b77bb7] Merge branch 'for-linux-next' of https://gitlab.freedesktop.org/drm/i915/kernel.git
$ git diff -M --stat --summary HEAD^..
 drivers/gpu/drm/display/drm_dp_tunnel.c            |  17 ++
 drivers/gpu/drm/i915/Makefile                      |   6 +-
 drivers/gpu/drm/i915/display/i9xx_display_sr.c     |   2 +-
 drivers/gpu/drm/i915/display/i9xx_plane.c          |   2 +-
 drivers/gpu/drm/i915/display/i9xx_wm.c             |  65 +++--
 drivers/gpu/drm/i915/display/intel_audio.c         |  22 +-
 drivers/gpu/drm/i915/display/intel_backlight.c     |   2 +-
 drivers/gpu/drm/i915/display/intel_bo.c            |  27 ++
 drivers/gpu/drm/i915/display/intel_bo.h            |   8 +
 drivers/gpu/drm/i915/display/intel_bw.c            |  58 +---
 drivers/gpu/drm/i915/display/intel_casf.c          | 102 ++-----
 drivers/gpu/drm/i915/display/intel_casf.h          |   6 +-
 drivers/gpu/drm/i915/display/intel_cdclk.c         | 142 +++++-----
 drivers/gpu/drm/i915/display/intel_color.c         |  58 ++--
 .../gpu/drm/i915/display/intel_crtc_state_dump.c   |  26 +-
 drivers/gpu/drm/i915/display/intel_cx0_phy.c       |   2 +-
 drivers/gpu/drm/i915/display/intel_ddi.c           |  18 +-
 drivers/gpu/drm/i915/display/intel_ddi_buf_trans.c |  11 +-
 drivers/gpu/drm/i915/display/intel_ddi_buf_trans.h |   3 +
 drivers/gpu/drm/i915/display/intel_de.c            |   8 +
 drivers/gpu/drm/i915/display/intel_de.h            |  17 +-
 drivers/gpu/drm/i915/display/intel_display.c       |  78 ++----
 drivers/gpu/drm/i915/display/intel_display_core.h  |  62 ++---
 .../gpu/drm/i915/display/intel_display_debugfs.c   |   7 +-
 .../gpu/drm/i915/display/intel_display_device.c    |   2 +-
 .../gpu/drm/i915/display/intel_display_device.h    |   1 +
 drivers/gpu/drm/i915/display/intel_display_irq.c   |   4 +
 drivers/gpu/drm/i915/display/intel_display_power.c |  14 +-
 .../gpu/drm/i915/display/intel_display_power_map.c |   2 +-
 .../drm/i915/display/intel_display_power_well.c    |  65 +++--
 drivers/gpu/drm/i915/display/intel_display_regs.h  |   1 +
 drivers/gpu/drm/i915/display/intel_display_reset.c |  42 +--
 drivers/gpu/drm/i915/display/intel_display_reset.h |   8 +-
 drivers/gpu/drm/i915/display/intel_display_types.h |  14 +-
 drivers/gpu/drm/i915/display/intel_display_wa.c    |   2 +-
 drivers/gpu/drm/i915/display/intel_dmc.c           |  12 +-
 drivers/gpu/drm/i915/display/intel_dmc_wl.c        |   2 +-
 drivers/gpu/drm/i915/display/intel_dp.c            | 291 ++++++++++++--------
 .../gpu/drm/i915/display/intel_dp_link_training.c  | 124 ++++++++-
 .../gpu/drm/i915/display/intel_dp_link_training.h  |   2 +-
 drivers/gpu/drm/i915/display/intel_dp_mst.c        |   9 +-
 drivers/gpu/drm/i915/display/intel_dp_tunnel.c     |  18 ++
 drivers/gpu/drm/i915/display/intel_dp_tunnel.h     |   6 +
 drivers/gpu/drm/i915/display/intel_dpio_phy.c      | 176 ++++++------
 drivers/gpu/drm/i915/display/intel_dpll.c          | 144 +++++-----
 drivers/gpu/drm/i915/display/intel_dpll_mgr.c      |   2 +-
 drivers/gpu/drm/i915/display/intel_dram.c          |  48 ++--
 drivers/gpu/drm/i915/display/intel_fb.c            |  49 ++--
 drivers/gpu/drm/i915/display/intel_fb.h            |   3 +-
 drivers/gpu/drm/i915/display/intel_fb_pin.h        |  27 +-
 drivers/gpu/drm/i915/display/intel_fbc.c           |  13 +-
 drivers/gpu/drm/i915/display/intel_fbdev.c         |  40 +--
 drivers/gpu/drm/i915/display/intel_fbdev_fb.c      | 118 --------
 drivers/gpu/drm/i915/display/intel_fbdev_fb.h      |  24 --
 drivers/gpu/drm/i915/display/intel_fdi.c           |  11 +-
 drivers/gpu/drm/i915/display/intel_flipq.c         |   2 +-
 drivers/gpu/drm/i915/display/intel_hdcp.c          |   2 +-
 drivers/gpu/drm/i915/display/intel_hdmi.c          | 165 +++++++-----
 drivers/gpu/drm/i915/display/intel_hotplug_irq.c   |  30 +--
 drivers/gpu/drm/i915/display/intel_initial_plane.c |  83 ++++--
 drivers/gpu/drm/i915/display/intel_lpe_audio.c     |   2 +-
 drivers/gpu/drm/i915/display/intel_lt_phy.c        |   2 +-
 drivers/gpu/drm/i915/display/intel_mchbar.c        |  78 ++++++
 drivers/gpu/drm/i915/display/intel_mchbar.h        |  21 ++
 drivers/gpu/drm/i915/display/intel_modeset_setup.c |   3 +-
 drivers/gpu/drm/i915/display/intel_opregion.c      |   2 +-
 drivers/gpu/drm/i915/display/intel_overlay.c       |  10 +-
 drivers/gpu/drm/i915/display/intel_parent.c        |  35 ++-
 drivers/gpu/drm/i915/display/intel_parent.h        |   8 +-
 drivers/gpu/drm/i915/display/intel_pfit.c          |  24 +-
 drivers/gpu/drm/i915/display/intel_plane.c         |  25 +-
 drivers/gpu/drm/i915/display/intel_plane.h         |   3 +
 drivers/gpu/drm/i915/display/intel_pmdemand.c      |   2 +-
 drivers/gpu/drm/i915/display/intel_psr.c           |  30 ++-
 drivers/gpu/drm/i915/display/intel_quirks.c        |  17 ++
 drivers/gpu/drm/i915/display/intel_quirks.h        |   1 +
 drivers/gpu/drm/i915/display/intel_rom.c           |  19 +-
 drivers/gpu/drm/i915/display/intel_snps_phy.c      |   2 +-
 drivers/gpu/drm/i915/display/intel_vblank.c        |   4 +-
 drivers/gpu/drm/i915/display/intel_vrr.c           |  16 +-
 drivers/gpu/drm/i915/display/intel_wm.c            |  32 +--
 drivers/gpu/drm/i915/display/skl_scaler.c          | 110 +++-----
 drivers/gpu/drm/i915/display/skl_scaler.h          |   2 -
 drivers/gpu/drm/i915/display/skl_universal_plane.c |  37 ++-
 drivers/gpu/drm/i915/display/skl_watermark.c       | 296 ++++++++-------------
 drivers/gpu/drm/i915/display/vlv_clock.c           |  13 +-
 drivers/gpu/drm/i915/display/vlv_dsi.c             |  20 +-
 drivers/gpu/drm/i915/display/vlv_dsi_pll.c         |  38 +--
 drivers/gpu/drm/i915/display/vlv_sideband.c        | 136 +++++++++-
 drivers/gpu/drm/i915/display/vlv_sideband.h        | 166 ++----------
 drivers/gpu/drm/i915/gem/i915_gem_stolen.c         |   4 +-
 drivers/gpu/drm/i915/gt/intel_ggtt.c               |   2 +-
 drivers/gpu/drm/i915/gt/intel_ggtt_fencing.c       |   2 +-
 drivers/gpu/drm/i915/gt/intel_gt.c                 |   2 +-
 drivers/gpu/drm/i915/gt/intel_gt_pm_debugfs.c      |   1 -
 drivers/gpu/drm/i915/gt/intel_llc.c                |   2 +-
 drivers/gpu/drm/i915/gt/intel_region_lmem.c        |   2 +-
 drivers/gpu/drm/i915/gt/intel_reset.c              |  40 +--
 drivers/gpu/drm/i915/gt/intel_rps.c                |   4 +-
 drivers/gpu/drm/i915/gt/uc/intel_guc_slpc.c        |   1 -
 drivers/gpu/drm/i915/gvt/cfg_space.c               |   2 +-
 drivers/gpu/drm/i915/gvt/handlers.c                |   1 -
 drivers/gpu/drm/i915/i915_bo.c                     | 114 ++++++++
 drivers/gpu/drm/i915/i915_bo.h                     |   6 +
 drivers/gpu/drm/i915/i915_debugfs.c                |   2 +-
 drivers/gpu/drm/i915/i915_dpt.c                    |   5 +-
 drivers/gpu/drm/i915/i915_driver.c                 |   9 +-
 drivers/gpu/drm/i915/i915_drv.h                    |   2 +
 .../i915/{display/intel_fb_pin.c => i915_fb_pin.c} | 157 +++++------
 drivers/gpu/drm/i915/i915_freq.c                   |   2 +-
 drivers/gpu/drm/i915/i915_gmch.c                   |   2 +-
 drivers/gpu/drm/i915/i915_gtt_view_types.h         |  15 ++
 drivers/gpu/drm/i915/i915_hwmon.c                  |   2 +-
 drivers/gpu/drm/i915/i915_initial_plane.c          |  33 +--
 drivers/gpu/drm/i915/i915_overlay.c                |   8 +-
 drivers/gpu/drm/i915/i915_pci.c                    |   2 +-
 drivers/gpu/drm/i915/i915_vma.c                    |  10 -
 drivers/gpu/drm/i915/i915_vma.h                    |   2 -
 drivers/gpu/drm/i915/intel_clock_gating.c          |   4 +-
 drivers/gpu/drm/i915/intel_gvt_mmio_table.c        |   2 +-
 drivers/gpu/drm/i915/selftests/mock_gem_device.c   |   1 +
 drivers/gpu/drm/i915/vlv_iosf_sb.c                 |   8 +
 drivers/gpu/drm/i915/vlv_iosf_sb.h                 |  16 +-
 drivers/gpu/drm/xe/Makefile                        |   6 +-
 .../xe/compat-i915-headers/intel_clock_gating.h    |  10 +-
 .../drm/xe/compat-i915-headers/intel_mchbar_regs.h |   6 -
 .../drm/xe/compat-i915-headers/intel_pci_config.h  |   6 -
 .../gpu/drm/xe/compat-i915-headers/intel_step.h    |  13 -
 .../gpu/drm/xe/compat-i915-headers/vlv_iosf_sb.h   |  42 ---
 .../drm/xe/compat-i915-headers/vlv_iosf_sb_reg.h   |   6 -
 drivers/gpu/drm/xe/display/intel_fbdev_fb.c        | 120 ---------
 drivers/gpu/drm/xe/display/xe_display.c            |  11 +-
 drivers/gpu/drm/xe/display/xe_display_bo.c         | 120 +++++++++
 drivers/gpu/drm/xe/display/xe_display_bo.h         |   6 +
 drivers/gpu/drm/xe/display/xe_fb_pin.c             |  73 +++--
 drivers/gpu/drm/xe/display/xe_initial_plane.c      |  32 +--
 drivers/gpu/drm/xe/tests/xe_pci.c                  |   4 +-
 drivers/gpu/drm/xe/xe_step.c                       |   2 +-
 drivers/gpu/drm/xe/xe_step.h                       |   4 +-
 drivers/gpu/drm/xe/xe_step_types.h                 |  61 +----
 include/drm/display/drm_dp_tunnel.h                |   6 +
 include/drm/intel/display_parent_interface.h       |  23 +-
 .../drm/intel/mchbar_regs.h                        |   7 +-
 .../drm/intel/pci_config.h                         |   0
 .../drm/intel/vlv_iosf_sb_regs.h                   |  18 +-
 145 files changed, 2416 insertions(+), 2084 deletions(-)
 delete mode 100644 drivers/gpu/drm/i915/display/intel_fbdev_fb.c
 delete mode 100644 drivers/gpu/drm/i915/display/intel_fbdev_fb.h
 create mode 100644 drivers/gpu/drm/i915/display/intel_mchbar.c
 create mode 100644 drivers/gpu/drm/i915/display/intel_mchbar.h
 rename drivers/gpu/drm/i915/{display/intel_fb_pin.c => i915_fb_pin.c} (66%)
 delete mode 100644 drivers/gpu/drm/xe/compat-i915-headers/intel_mchbar_regs.h
 delete mode 100644 drivers/gpu/drm/xe/compat-i915-headers/intel_pci_config.h
 delete mode 100644 drivers/gpu/drm/xe/compat-i915-headers/intel_step.h
 delete mode 100644 drivers/gpu/drm/xe/compat-i915-headers/vlv_iosf_sb.h
 delete mode 100644 drivers/gpu/drm/xe/compat-i915-headers/vlv_iosf_sb_reg.h
 delete mode 100644 drivers/gpu/drm/xe/display/intel_fbdev_fb.c
 rename drivers/gpu/drm/i915/intel_mchbar_regs.h => include/drm/intel/mchbar_regs.h (98%)
 rename drivers/gpu/drm/i915/intel_pci_config.h => include/drm/intel/pci_config.h (100%)
 rename drivers/gpu/drm/i915/vlv_iosf_sb_reg.h => include/drm/intel/vlv_iosf_sb_regs.h (95%)
Merging drm-msm/msm-next (a972d1b864e8 drm/msm: Use of_get_available_child_by_name())
$ git merge -m Merge branch 'msm-next' of https://gitlab.freedesktop.org/drm/msm.git drm-msm/msm-next
Already up to date.
Merging drm-msm-lumag/msm-next-lumag (a972d1b864e8 drm/msm: Use of_get_available_child_by_name())
$ git merge -m Merge branch 'msm-next-lumag' of https://gitlab.freedesktop.org/lumag/msm.git drm-msm-lumag/msm-next-lumag
Already up to date.
Merging drm-xe/drm-xe-next (7d9c39cfb31f drm/xe/pf: Fix MMIO access using PF view instead of VF view during migration)
  016ccdb674b8 ("drm/xe/uapi: Reject coh_none PAT index for CPU cached memory in madvise")
  0b1676eafdd1 ("drm/xe/tuning: Use proper register offset for GAMSTLB_CTRL")
  13743bd628bc ("drm/xe: Fix bug in idledly unit conversion")
  1a2a722ff967 ("drm/xe/debugfs: Correct printing of register whitelist ranges")
  1ce3229f8f26 ("drm/xe: Add memory pool with shadow support")
  35aff528f729 ("drm/xe/eustall: Fix drm_dev_put called before stream disable in close")
  37c831f40174 ("drm/xe: Fix error cleanup in xe_exec_queue_create_ioctl()")
  3fbd6cf43cac ("drm/xe/bo: Fix bo leak on GGTT flag validation in xe_bo_init_locked()")
  4a706bd93c4f ("drm/xe: Drop registration of guc_submit_wedged_fini from xe_guc_submit_wedge()")
  4d58d7535e82 ("drm/xe/uapi: Reject coh_none PAT index for CPU_ADDR_MIRROR")
  562739200180 ("drm/xe/xelp: Fix Wa_18022495364")
  601c2aa087b6 ("drm/xe/bo: Fix bo leak on unaligned size validation in xe_bo_init_locked()")
  6c84b493012a ("drm/xe/vf: Use drm mm instead of drm sa for CCS read/write")
  78a6c5f899f2 ("drm/xe: Fix bo leak in xe_dma_buf_init_obj() on allocation failure")
  896070686b16 ("drm/xe/vm: Add missing pad and extensions check")
  8de86d0a843c ("drm/xe/gsc: Fix BO leak on error in query_compatibility_version()")
  96078a1c68bf ("drm/xe: Fix potential NULL deref in xe_exec_queue_tlb_inval_last_fence_put_unlocked")
  a828eb185aac ("drm/xe: Fix dma-buf attachment leak in xe_gem_prime_import()")
  c79bc999442f ("drm/xe: Drop redundant rtp entries for Wa_14019988906 & Wa_14019877138")
  cd84bfbba7fe ("drm/xe: Mark ROW_CHICKEN5 as a masked register")
  ec4f4970eb74 ("drm/xe/xe3p_lpg: Add missing indirect ring state feature flag")
$ git merge -m Merge branch 'drm-xe-next' of https://gitlab.freedesktop.org/drm/xe/kernel.git drm-xe/drm-xe-next
Auto-merging drivers/gpu/drm/drm_gpusvm.c
Auto-merging drivers/gpu/drm/xe/Makefile
Auto-merging drivers/gpu/drm/xe/display/xe_fb_pin.c
Auto-merging drivers/gpu/drm/xe/regs/xe_gt_regs.h
Auto-merging drivers/gpu/drm/xe/xe_bo.c
Auto-merging drivers/gpu/drm/xe/xe_bo_types.h
Auto-merging drivers/gpu/drm/xe/xe_debugfs.c
Auto-merging drivers/gpu/drm/xe/xe_execlist.c
Auto-merging drivers/gpu/drm/xe/xe_guc_submit.c
Auto-merging drivers/gpu/drm/xe/xe_hw_engine.c
Auto-merging drivers/gpu/drm/xe/xe_hwmon.c
Auto-merging drivers/gpu/drm/xe/xe_lrc.c
Auto-merging drivers/gpu/drm/xe/xe_migrate.c
Auto-merging drivers/gpu/drm/xe/xe_pci.c
Auto-merging drivers/gpu/drm/xe/xe_svm.c
Auto-merging drivers/gpu/drm/xe/xe_tuning.c
Auto-merging drivers/gpu/drm/xe/xe_vm.c
Auto-merging drivers/gpu/drm/xe/xe_wa.c
Merge made by the 'ort' strategy.
 Documentation/gpu/drm-ras.rst                      |   8 +
 Documentation/gpu/xe/index.rst                     |   1 +
 Documentation/gpu/xe/xe_gt_stats.rst               |  11 +
 Documentation/netlink/specs/drm_ras.yaml           |  13 +-
 drivers/gpu/drm/drm_gpusvm.c                       |   5 +
 drivers/gpu/drm/drm_ras.c                          |  43 ++-
 drivers/gpu/drm/drm_ras_nl.c                       |  13 +
 drivers/gpu/drm/drm_ras_nl.h                       |   2 +
 drivers/gpu/drm/xe/Makefile                        |   4 +
 drivers/gpu/drm/xe/abi/guc_klvs_abi.h              |   8 +
 drivers/gpu/drm/xe/abi/xe_sysctrl_abi.h            |  65 ++++
 drivers/gpu/drm/xe/display/xe_fb_pin.c             |  11 +-
 drivers/gpu/drm/xe/display/xe_hdcp_gsc.c           |  12 +-
 drivers/gpu/drm/xe/regs/xe_engine_regs.h           |   5 +-
 drivers/gpu/drm/xe/regs/xe_gt_regs.h               |   5 +
 drivers/gpu/drm/xe/regs/xe_irq_regs.h              |   1 +
 drivers/gpu/drm/xe/regs/xe_pcode_regs.h            |   3 +
 drivers/gpu/drm/xe/regs/xe_sysctrl_regs.h          |  36 ++
 .../gpu/drm/xe/tests/xe_gt_sriov_pf_config_kunit.c |  21 +-
 drivers/gpu/drm/xe/tests/xe_migrate.c              |   3 +-
 drivers/gpu/drm/xe/xe_bo.c                         |  21 +-
 drivers/gpu/drm/xe/xe_bo_types.h                   |   2 +-
 drivers/gpu/drm/xe/xe_debugfs.c                    |  43 ++-
 drivers/gpu/drm/xe/xe_dep_scheduler.h              |   5 +
 drivers/gpu/drm/xe/xe_devcoredump.c                |  10 +-
 drivers/gpu/drm/xe/xe_device.c                     |  64 +++-
 drivers/gpu/drm/xe/xe_device.h                     |  23 +-
 drivers/gpu/drm/xe/xe_device_types.h               |  22 +-
 drivers/gpu/drm/xe/xe_device_wa_oob.rules          |   1 +
 drivers/gpu/drm/xe/xe_drm_ras.c                    |  35 +-
 drivers/gpu/drm/xe/xe_drm_ras.h                    |   4 +-
 drivers/gpu/drm/xe/xe_eu_stall.h                   |   4 +-
 drivers/gpu/drm/xe/xe_exec_queue_types.h           |   2 +-
 drivers/gpu/drm/xe/xe_execlist.c                   |   9 -
 drivers/gpu/drm/xe/xe_ggtt.c                       |   8 +-
 drivers/gpu/drm/xe/xe_gt.c                         |   1 -
 drivers/gpu/drm/xe/xe_gt_mcr.c                     |  23 +-
 drivers/gpu/drm/xe/xe_gt_mcr.h                     |   1 -
 drivers/gpu/drm/xe/xe_gt_sriov_pf.c                |   1 +
 drivers/gpu/drm/xe/xe_gt_sriov_pf_config.c         | 262 +++++++++++++--
 drivers/gpu/drm/xe/xe_gt_sriov_pf_config.h         |   2 +
 drivers/gpu/drm/xe/xe_gt_sriov_pf_migration.c      |   8 +-
 drivers/gpu/drm/xe/xe_gt_sriov_pf_policy.c         | 124 ++++---
 drivers/gpu/drm/xe/xe_gt_sriov_pf_policy.h         |   4 +-
 drivers/gpu/drm/xe/xe_gt_sriov_pf_types.h          |   1 -
 drivers/gpu/drm/xe/xe_gt_stats.c                   |  41 +++
 drivers/gpu/drm/xe/xe_gt_stats_types.h             | 118 +++++++
 drivers/gpu/drm/xe/xe_gt_types.h                   |   4 +-
 drivers/gpu/drm/xe/xe_guc.c                        |  17 +-
 drivers/gpu/drm/xe/xe_guc_ads.c                    |   5 +-
 drivers/gpu/drm/xe/xe_guc_capture.c                |   2 +-
 drivers/gpu/drm/xe/xe_guc_capture.h                |   4 +-
 drivers/gpu/drm/xe/xe_guc_capture_types.h          |   6 +-
 drivers/gpu/drm/xe/xe_guc_ct.c                     |  38 ++-
 drivers/gpu/drm/xe/xe_guc_ct_types.h               |   8 +-
 drivers/gpu/drm/xe/xe_guc_fwif.h                   |   4 +-
 drivers/gpu/drm/xe/xe_guc_pc.c                     |  42 ++-
 drivers/gpu/drm/xe/xe_guc_pc.h                     |   2 +-
 drivers/gpu/drm/xe/xe_guc_relay_types.h            |   2 +-
 drivers/gpu/drm/xe/xe_guc_submit.c                 |   7 +-
 drivers/gpu/drm/xe/xe_guc_submit_types.h           |   2 +-
 drivers/gpu/drm/xe/xe_hw_engine.c                  |  86 ++---
 drivers/gpu/drm/xe/xe_hw_engine.h                  |   1 -
 drivers/gpu/drm/xe/xe_hw_engine_types.h            |   2 +-
 drivers/gpu/drm/xe/xe_hw_error.h                   |   4 +-
 drivers/gpu/drm/xe/xe_hwmon.c                      |  28 +-
 drivers/gpu/drm/xe/xe_irq.c                        |   2 +
 drivers/gpu/drm/xe/xe_lrc.c                        |  20 --
 drivers/gpu/drm/xe/xe_migrate.c                    |  15 +-
 drivers/gpu/drm/xe/xe_migrate.h                    |   4 +-
 drivers/gpu/drm/xe/xe_nvm.h                        |   4 +-
 drivers/gpu/drm/xe/xe_oa.c                         | 136 ++++----
 drivers/gpu/drm/xe/xe_oa_types.h                   |  12 +-
 drivers/gpu/drm/xe/xe_pagefault_types.h            |   4 +-
 drivers/gpu/drm/xe/xe_pat.c                        |   9 +
 drivers/gpu/drm/xe/xe_pat.h                        |   8 +
 drivers/gpu/drm/xe/xe_pci.c                        |  12 +-
 drivers/gpu/drm/xe/xe_pci_sriov.c                  |   2 +
 drivers/gpu/drm/xe/xe_pci_types.h                  |   2 +-
 drivers/gpu/drm/xe/xe_pcode_api.h                  |   8 +-
 drivers/gpu/drm/xe/xe_pm.c                         |   6 +
 drivers/gpu/drm/xe/xe_pt.c                         |   3 +-
 drivers/gpu/drm/xe/xe_pt_types.h                   |   2 +-
 drivers/gpu/drm/xe/xe_pt_walk.h                    |  14 +-
 drivers/gpu/drm/xe/xe_pxp.c                        |   6 +
 drivers/gpu/drm/xe/xe_pxp.h                        |   6 +-
 drivers/gpu/drm/xe/xe_pxp_debugfs.h                |   6 +-
 drivers/gpu/drm/xe/xe_pxp_submit.h                 |   6 +-
 drivers/gpu/drm/xe/xe_pxp_types.h                  |   6 +-
 drivers/gpu/drm/xe/xe_query.c                      |   7 +
 drivers/gpu/drm/xe/xe_ras.c                        |  93 ++++++
 drivers/gpu/drm/xe/xe_ras.h                        |  15 +
 drivers/gpu/drm/xe/xe_ras_types.h                  |  73 ++++
 drivers/gpu/drm/xe/xe_reg_sr.h                     |   4 +-
 drivers/gpu/drm/xe/xe_reg_sr_types.h               |   4 +-
 drivers/gpu/drm/xe/xe_reg_whitelist.h              |   4 +-
 drivers/gpu/drm/xe/xe_rtp.c                        |  15 +
 drivers/gpu/drm/xe/xe_rtp.h                        |  28 +-
 drivers/gpu/drm/xe/xe_rtp_helpers.h                |   6 +-
 drivers/gpu/drm/xe/xe_rtp_types.h                  |   4 +-
 drivers/gpu/drm/xe/xe_sriov_pf.c                   |   6 -
 drivers/gpu/drm/xe/xe_sriov_pf_helpers.h           |   3 +-
 drivers/gpu/drm/xe/xe_sriov_pf_migration.c         |   7 +-
 drivers/gpu/drm/xe/xe_sriov_pf_provision.c         |  41 +++
 drivers/gpu/drm/xe/xe_sriov_pf_provision.h         |   1 +
 drivers/gpu/drm/xe/xe_sriov_pf_types.h             |   3 -
 drivers/gpu/drm/xe/xe_svm.c                        |  10 +-
 drivers/gpu/drm/xe/xe_sysctrl.c                    | 132 ++++++++
 drivers/gpu/drm/xe/xe_sysctrl.h                    |  24 ++
 drivers/gpu/drm/xe/xe_sysctrl_event.c              |  88 +++++
 drivers/gpu/drm/xe/xe_sysctrl_event_types.h        |  57 ++++
 drivers/gpu/drm/xe/xe_sysctrl_mailbox.c            | 371 +++++++++++++++++++++
 drivers/gpu/drm/xe/xe_sysctrl_mailbox.h            |  31 ++
 drivers/gpu/drm/xe/xe_sysctrl_mailbox_types.h      |  58 ++++
 drivers/gpu/drm/xe/xe_sysctrl_types.h              |  39 +++
 drivers/gpu/drm/xe/xe_tlb_inval.c                  |   2 +-
 drivers/gpu/drm/xe/xe_ttm_vram_mgr.c               |   6 +-
 drivers/gpu/drm/xe/xe_tuning.c                     |   7 +-
 drivers/gpu/drm/xe/xe_tuning.h                     |   4 +-
 drivers/gpu/drm/xe/xe_uc_fw.c                      |  11 +
 drivers/gpu/drm/xe/xe_uc_fw.h                      |   4 +
 drivers/gpu/drm/xe/xe_uc_fw_abi.h                  |   4 +-
 drivers/gpu/drm/xe/xe_vm.c                         |  12 +-
 drivers/gpu/drm/xe/xe_vm_types.h                   |   3 +-
 drivers/gpu/drm/xe/xe_vram.c                       |  22 ++
 drivers/gpu/drm/xe/xe_vram.h                       |   2 +
 drivers/gpu/drm/xe/xe_wa.c                         |  13 +
 drivers/gpu/drm/xe/xe_wa.h                         |   4 +-
 drivers/gpu/drm/xe/xe_wa_oob.rules                 |   7 +
 include/drm/drm_ras.h                              |  11 +
 include/uapi/drm/drm_ras.h                         |   1 +
 include/uapi/drm/xe_drm.h                          | 206 ++++++------
 132 files changed, 2541 insertions(+), 568 deletions(-)
 create mode 100644 Documentation/gpu/xe/xe_gt_stats.rst
 create mode 100644 drivers/gpu/drm/xe/abi/xe_sysctrl_abi.h
 create mode 100644 drivers/gpu/drm/xe/regs/xe_sysctrl_regs.h
 create mode 100644 drivers/gpu/drm/xe/xe_ras.c
 create mode 100644 drivers/gpu/drm/xe/xe_ras.h
 create mode 100644 drivers/gpu/drm/xe/xe_ras_types.h
 create mode 100644 drivers/gpu/drm/xe/xe_sysctrl.c
 create mode 100644 drivers/gpu/drm/xe/xe_sysctrl.h
 create mode 100644 drivers/gpu/drm/xe/xe_sysctrl_event.c
 create mode 100644 drivers/gpu/drm/xe/xe_sysctrl_event_types.h
 create mode 100644 drivers/gpu/drm/xe/xe_sysctrl_mailbox.c
 create mode 100644 drivers/gpu/drm/xe/xe_sysctrl_mailbox.h
 create mode 100644 drivers/gpu/drm/xe/xe_sysctrl_mailbox_types.h
 create mode 100644 drivers/gpu/drm/xe/xe_sysctrl_types.h
Merging etnaviv/etnaviv/next (6bde14ba5f7e drm/etnaviv: add optional reset support)
$ git merge -m Merge branch 'etnaviv/next' of https://git.pengutronix.de/git/lst/linux etnaviv/etnaviv/next
Already up to date.
Merging drm-rust/drm-rust-next (d9a6809478f9 drm/tyr: Add DOORBELL_BLOCK registers)
$ git merge -m Merge branch 'drm-rust-next' of https://gitlab.freedesktop.org/drm/rust/kernel.git drm-rust/drm-rust-next
Merge made by the 'ort' strategy.
 drivers/gpu/drm/tyr/driver.rs     |   19 +-
 drivers/gpu/drm/tyr/gpu.rs        |  175 ++--
 drivers/gpu/drm/tyr/regs.rs       | 1725 +++++++++++++++++++++++++++++++++++--
 drivers/gpu/nova-core/firmware.rs |    8 +-
 4 files changed, 1715 insertions(+), 212 deletions(-)
Merging drm-nova/nova-next (93296e9d9528 gpu: nova-core: vbios: store reference to Device where relevant)
$ git merge -m Merge branch 'nova-next' of https://gitlab.freedesktop.org/drm/nova.git drm-nova/nova-next
Already up to date.
Merging fbdev/for-next (d237f719b272 lib/fonts: Fix bit position when rotating by 180 degrees)
$ git merge -m Merge branch 'for-next' of https://git.kernel.org/pub/scm/linux/kernel/git/deller/linux-fbdev.git fbdev/for-next
Merge made by the 'ort' strategy.
 drivers/video/fbdev/core/fb_defio.c   |  1 -
 include/video/imx-ipu-image-convert.h | 16 +++++++++++-----
 lib/fonts/font_rotate.c               |  2 +-
 3 files changed, 12 insertions(+), 7 deletions(-)
$ git am -3 ../patches/0001-fix-up-for-drm-hyperv-Remove-reference-to-hyperv_fb-.patch
Applying: fix up for "drm/hyperv: Remove reference to hyperv_fb driver"
$ git reset HEAD^
Unstaged changes after reset:
M	drivers/gpu/drm/hyperv/Kconfig
$ git add -A .
$ git commit -v -a --amend
[master a3fd30e27583] Merge branch 'for-next' of https://git.kernel.org/pub/scm/linux/kernel/git/deller/linux-fbdev.git
 Date: Mon May 4 22:39:57 2026 +0200
Merging regmap/for-next (4b7774eeab8d regmap: sdw-mbq: Fix spelling mistake "undeferable" -> "undeferrable")
$ git merge -m Merge branch 'for-next' of https://git.kernel.org/pub/scm/linux/kernel/git/broonie/regmap.git regmap/for-next
Already up to date.
Merging sound/for-next (1ac8867734bb ALSA: ac97: clean up whitespace and move EXPORT_SYMBOLs)
$ git merge -m Merge branch 'for-next' of https://git.kernel.org/pub/scm/linux/kernel/git/tiwai/sound.git sound/for-next
Auto-merging sound/usb/mixer.c
Merge made by the 'ort' strategy.
 include/sound/snd_wavefront.h         |   7 +
 sound/ac97_bus.c                      |   4 +-
 sound/core/jack.c                     |  13 +-
 sound/core/seq/oss/seq_oss_readq.c    |  13 +-
 sound/core/seq/oss/seq_oss_readq.h    |   3 +-
 sound/hda/core/i915.c                 |  30 +-
 sound/isa/opti9xx/miro.c              | 268 +++++++++++++++++-
 sound/isa/wavefront/wavefront.c       |  61 +++-
 sound/isa/wavefront/wavefront_midi.c  |  47 +++-
 sound/isa/wavefront/wavefront_synth.c |  96 +++++++
 sound/oss/dmasound/dmasound_core.c    |  10 +-
 sound/pci/ali5451/ali5451.c           |   4 +-
 sound/pci/als300.c                    |   6 +-
 sound/pci/als4000.c                   |   4 +-
 sound/pci/asihpi/asihpi.c             |  17 +-
 sound/pci/asihpi/hpipcida.h           |  18 +-
 sound/pci/atiixp.c                    |  10 +-
 sound/pci/atiixp_modem.c              |   6 +-
 sound/pci/au88x0/au8810.c             |   4 +-
 sound/pci/au88x0/au8820.c             |   4 +-
 sound/pci/au88x0/au8830.c             |   4 +-
 sound/pci/aw2/aw2-alsa.c              |   5 +-
 sound/pci/azt3328.c                   |   6 +-
 sound/pci/ca0106/ca0106_main.c        |   4 +-
 sound/pci/cmipci.c                    |  12 +-
 sound/pci/cs4281.c                    |   4 +-
 sound/pci/cs46xx/cs46xx.c             |   8 +-
 sound/pci/ctxfi/ctmixer.c             |  27 +-
 sound/pci/ctxfi/ctmixer.h             |   4 +-
 sound/pci/echoaudio/darla20.c         |   4 +-
 sound/pci/echoaudio/darla24.c         |   6 +-
 sound/pci/echoaudio/echo3g.c          |   4 +-
 sound/pci/echoaudio/gina20.c          |   4 +-
 sound/pci/echoaudio/gina24.c          |  10 +-
 sound/pci/echoaudio/indigo.c          |   4 +-
 sound/pci/echoaudio/indigodj.c        |   4 +-
 sound/pci/echoaudio/indigodjx.c       |   4 +-
 sound/pci/echoaudio/indigoio.c        |   4 +-
 sound/pci/echoaudio/indigoiox.c       |   4 +-
 sound/pci/echoaudio/layla20.c         |   6 +-
 sound/pci/echoaudio/layla24.c         |   4 +-
 sound/pci/echoaudio/mia.c             |   6 +-
 sound/pci/echoaudio/mona.c            |  20 +-
 sound/pci/emu10k1/emu10k1.c           |   8 +-
 sound/pci/emu10k1/emu10k1x.c          |   4 +-
 sound/pci/ens1370.c                   |  10 +-
 sound/pci/es1938.c                    |   4 +-
 sound/pci/es1968.c                    |  27 +-
 sound/pci/fm801.c                     |  15 +-
 sound/pci/ice1712/ice1712.c           |   4 +-
 sound/pci/ice1712/ice1724.c           |   4 +-
 sound/pci/intel8x0.c                  | 118 ++++++--
 sound/pci/intel8x0m.c                 |  88 ++++--
 sound/pci/maestro3.c                  |  51 ++--
 sound/pci/mixart/mixart.c             |   4 +-
 sound/pci/nm256/nm256.c               |   8 +-
 sound/pci/pcxhr/pcxhr.c               |  70 ++---
 sound/pci/rme32.c                     |   8 +-
 sound/pci/rme96.c                     |  10 +-
 sound/pci/sonicvibes.c                |   4 +-
 sound/pci/trident/trident.c           |  16 +-
 sound/pci/via82xx.c                   |   6 +-
 sound/pci/via82xx_modem.c             |   4 +-
 sound/pci/vx222/vx222.c               |   6 +-
 sound/pci/ymfpci/ymfpci.c             |  14 +-
 sound/usb/mixer.c                     |  17 +-
 sound/usb/mixer_quirks.c              |  61 +++-
 sound/usb/mixer_scarlett.c            |   4 +-
 sound/usb/mixer_scarlett2.c           | 515 +++++++++++++++++++++++++++++++---
 sound/usb/mixer_us16x08.c             | 127 +++++----
 70 files changed, 1549 insertions(+), 441 deletions(-)
Merging ieee1394/for-next (fcabbf40fae5 firewire: core: move allocation/reallocation paths into specific branch after isoc resource management in cdev)
$ git merge -m Merge branch 'for-next' of https://git.kernel.org/pub/scm/linux/kernel/git/ieee1394/linux1394.git ieee1394/for-next
Merge made by the 'ort' strategy.
 drivers/firewire/core-cdev.c | 376 ++++++++++++++++++++++++++-----------------
 1 file changed, 228 insertions(+), 148 deletions(-)
Merging sound-asoc/for-next (425b3a9530f5 Merge remote-tracking branch 'asoc/for-7.2' into asoc-next)
$ git merge -m Merge branch 'for-next' of https://git.kernel.org/pub/scm/linux/kernel/git/broonie/sound.git sound-asoc/for-next
Auto-merging MAINTAINERS
Merge made by the 'ort' strategy.
 .../devicetree/bindings/sound/fsl,sai.yaml         |    7 +
 .../bindings/sound/mediatek,mt6351-sound.yaml      |   37 +
 Documentation/devicetree/bindings/sound/mt6351.txt |   16 -
 .../devicetree/bindings/sound/ti,tas67524.yaml     |  280 +++
 Documentation/sound/codecs/index.rst               |    1 +
 Documentation/sound/codecs/tas675x.rst             |  820 ++++++++
 MAINTAINERS                                        |    4 +
 drivers/gpio/gpiolib-of.c                          |    8 +
 sound/soc/apple/mca.c                              |   14 +-
 sound/soc/atmel/atmel-classd.c                     |   41 +-
 sound/soc/atmel/mchp-spdifrx.c                     |   33 +-
 sound/soc/codecs/Kconfig                           |   12 +
 sound/soc/codecs/Makefile                          |    2 +
 sound/soc/codecs/rt722-sdca.c                      |   77 +-
 sound/soc/codecs/rt722-sdca.h                      |    4 +
 sound/soc/codecs/tas675x.c                         | 2194 ++++++++++++++++++++
 sound/soc/codecs/tas675x.h                         |  367 ++++
 sound/soc/codecs/tlv320aic3x.c                     |    7 +
 sound/soc/codecs/wsa881x.c                         |   35 +-
 sound/soc/fsl/fsl-asoc-card.c                      |  111 +-
 sound/soc/fsl/fsl_micfil.c                         |   79 +
 sound/soc/fsl/fsl_micfil.h                         |    1 +
 sound/soc/fsl/fsl_sai.c                            |    7 +-
 sound/soc/fsl/fsl_sai.h                            |    2 +
 sound/soc/intel/boards/cht_bsw_rt5672.c            |   73 +-
 sound/soc/intel/common/sof-function-topology-lib.c |   11 +-
 sound/soc/samsung/i2s.c                            |  118 +-
 sound/soc/samsung/idma.c                           |   26 +-
 sound/soc/samsung/odroid.c                         |   21 +-
 sound/soc/samsung/pcm.c                            |   99 +-
 sound/soc/samsung/spdif.c                          |   25 +-
 sound/soc/soc-ops.c                                |    4 +
 sound/soc/sof/topology.c                           |   55 +
 sound/soc/tegra/tegra210_adx.c                     |   85 +-
 sound/soc/tegra/tegra210_adx.h                     |    5 +-
 sound/soc/tegra/tegra210_amx.c                     |   82 +-
 sound/soc/tegra/tegra210_amx.h                     |    5 +-
 sound/soc/tegra/tegra210_mvc.c                     |    3 +
 sound/soc/ti/j721e-evm.c                           |   22 +-
 39 files changed, 4375 insertions(+), 418 deletions(-)
 create mode 100644 Documentation/devicetree/bindings/sound/mediatek,mt6351-sound.yaml
 delete mode 100644 Documentation/devicetree/bindings/sound/mt6351.txt
 create mode 100644 Documentation/devicetree/bindings/sound/ti,tas67524.yaml
 create mode 100644 Documentation/sound/codecs/tas675x.rst
 create mode 100644 sound/soc/codecs/tas675x.c
 create mode 100644 sound/soc/codecs/tas675x.h
Merging modules/modules-next (663385f9155f module: Simplify warning on positive returns from module_init())
$ git merge -m Merge branch 'modules-next' of https://git.kernel.org/pub/scm/linux/kernel/git/modules/linux.git modules/modules-next
Already up to date.
Merging input/next (e7b91b217559 Input: atmel_mxt_ts - set byte_offset as signed)
$ git merge -m Merge branch 'next' of https://git.kernel.org/pub/scm/linux/kernel/git/dtor/input.git input/next
Merge made by the 'ort' strategy.
 .../bindings/input/touchscreen/st,stmfts.yaml      |   4 +
 drivers/input/keyboard/lm8323.c                    |   2 +-
 drivers/input/misc/Kconfig                         |  10 -
 drivers/input/misc/Makefile                        |   1 -
 drivers/input/misc/pcap_keys.c                     | 125 ----------
 drivers/input/touchscreen/Kconfig                  |  10 -
 drivers/input/touchscreen/Makefile                 |   1 -
 drivers/input/touchscreen/atmel_mxt_ts.c           |   3 +-
 drivers/input/touchscreen/pcap_ts.c                | 252 ---------------------
 drivers/input/touchscreen/stmfts.c                 | 160 ++++++++-----
 10 files changed, 113 insertions(+), 455 deletions(-)
 delete mode 100644 drivers/input/misc/pcap_keys.c
 delete mode 100644 drivers/input/touchscreen/pcap_ts.c
Merging block/for-next (07dfa981ca3d Merge branch 'io_uring-user-acct.v2' into for-next)
$ git merge -m Merge branch 'for-next' of https://git.kernel.org/pub/scm/linux/kernel/git/axboe/linux.git block/for-next
Merge made by the 'ort' strategy.
 drivers/block/ublk_drv.c       |   4 +-
 fs/eventpoll.c                 |  86 +++++++-------
 include/linux/eventpoll.h      |   8 ++
 include/linux/io_uring_types.h |   3 +
 io_uring/epoll.c               |  18 ++-
 io_uring/eventfd.c             |   1 +
 io_uring/io_uring.c            |   3 +
 io_uring/napi.c                |  27 +++--
 io_uring/napi.h                |   8 +-
 io_uring/rsrc.c                | 263 +++++++++++++++++++++++++++++++----------
 io_uring/rsrc.h                |   1 -
 11 files changed, 301 insertions(+), 121 deletions(-)
$ git am -3 ../patches/0001-Revert-block-remove-bio_last_bvec_all.patch
Applying: Revert "block: remove bio_last_bvec_all"
$ git reset HEAD^
Unstaged changes after reset:
M	Documentation/block/biovecs.rst
M	include/linux/bio.h
$ git add -A .
$ git commit -v -a --amend
[master 8bdbf4b5c99c] Merge branch 'for-next' of https://git.kernel.org/pub/scm/linux/kernel/git/axboe/linux.git
 Date: Mon May 4 22:40:05 2026 +0200
Merging device-mapper/for-next (2ac3de0bbf40 dm-ima: use active table's size if available)
$ git merge -m Merge branch 'for-next' of https://git.kernel.org/pub/scm/linux/kernel/git/device-mapper/linux-dm.git device-mapper/for-next
Merge made by the 'ort' strategy.
 drivers/md/dm-ima.c                      | 500 ++++++++++++++-----------------
 drivers/md/dm-ima.h                      |  68 ++++-
 drivers/md/dm-ioctl.c                    | 146 ++++++++-
 drivers/md/dm-raid.c                     |   6 +
 drivers/md/dm-vdo/indexer/index-layout.c |   2 +-
 drivers/md/dm.c                          |   2 +-
 drivers/md/md.h                          |   2 +
 drivers/md/raid5.c                       |   7 +-
 8 files changed, 428 insertions(+), 305 deletions(-)
Merging libata/for-next (eb9c9a3a6d86 ata: ahci: fail probe if BAR too small for claimed ports)
$ git merge -m Merge branch 'for-next' of https://git.kernel.org/pub/scm/linux/kernel/git/libata/linux libata/for-next
Merge made by the 'ort' strategy.
 drivers/ata/ahci.c    | 22 ++++++++++++++++++++++
 drivers/ata/libahci.c |  2 +-
 2 files changed, 23 insertions(+), 1 deletion(-)
Merging pcmcia/pcmcia-next (b3c26ea81ccc pcmcia: remove obsolete host controller drivers)
$ git merge -m Merge branch 'pcmcia-next' of https://git.kernel.org/pub/scm/linux/kernel/git/brodo/linux.git pcmcia/pcmcia-next
Already up to date.
Merging mmc/next (52957cdad30f mmc: sdhci-msm: Fix the wrapped key handling)
$ git merge -m Merge branch 'next' of https://git.kernel.org/pub/scm/linux/kernel/git/ulfh/mmc.git mmc/next
Already up to date.
Merging mfd/for-mfd-next (522d62d7aa11 mfd: bd72720: Drop BUCK11 ID)
$ git merge -m Merge branch 'for-mfd-next' of https://git.kernel.org/pub/scm/linux/kernel/git/lee/mfd.git mfd/for-mfd-next
Merge made by the 'ort' strategy.
 drivers/mfd/sprd-sc27xx-spi.c    | 62 ++++++++++++++++++++++++++++++++++------
 drivers/mfd/tps65219.c           | 14 +++++----
 drivers/mfd/tps65910.c           | 16 ++++++++++-
 include/linux/mfd/rohm-bd72720.h |  1 -
 4 files changed, 76 insertions(+), 17 deletions(-)
Merging backlight/for-backlight-next (254f49634ee1 Linux 7.1-rc1)
$ git merge -m Merge branch 'for-backlight-next' of https://git.kernel.org/pub/scm/linux/kernel/git/lee/backlight.git backlight/for-backlight-next
Already up to date.
Merging battery/for-next (254f49634ee1 Linux 7.1-rc1)
$ git merge -m Merge branch 'for-next' of https://git.kernel.org/pub/scm/linux/kernel/git/sre/linux-power-supply.git battery/for-next
Already up to date.
Merging regulator/for-next (8ba3c3199ef6 Merge remote-tracking branch 'regulator/for-7.2' into regulator-next)
$ git merge -m Merge branch 'for-next' of https://git.kernel.org/pub/scm/linux/kernel/git/broonie/regulator.git regulator/for-next
Merge made by the 'ort' strategy.
 .../bindings/regulator/mt6360-regulator.yaml          |  4 ++++
 .../bindings/regulator/qcom,rpmh-regulator.yaml       |  3 +++
 drivers/regulator/qcom-rpmh-regulator.c               | 19 +++++++++++++++++++
 3 files changed, 26 insertions(+)
Merging security/next (f71ece9712b7 security,fs,nfs,net: update security_inode_listsecurity() interface)
$ git merge -m Merge branch 'next' of https://git.kernel.org/pub/scm/linux/kernel/git/pcmoore/lsm.git security/next
Auto-merging security/selinux/hooks.c
Merge made by the 'ort' strategy.
 fs/nfs/nfs4proc.c             |  7 ++-----
 fs/xattr.c                    | 11 +++++++----
 include/linux/lsm_hook_defs.h |  4 ++--
 include/linux/security.h      |  5 +++--
 security/security.c           | 16 ++++++++--------
 security/selinux/hooks.c      | 10 +++-------
 security/smack/smack_lsm.c    | 13 ++++---------
 7 files changed, 29 insertions(+), 37 deletions(-)
Merging apparmor/apparmor-next (254f49634ee1 Linux 7.1-rc1)
$ git merge -m Merge branch 'apparmor-next' of https://git.kernel.org/pub/scm/linux/kernel/git/jj/linux-apparmor apparmor/apparmor-next
Already up to date.
Merging integrity/next-integrity (69fc6474236d ima: return error early if file xattr cannot be changed)
$ git merge -m Merge branch 'next-integrity' of https://git.kernel.org/pub/scm/linux/kernel/git/zohar/linux-integrity integrity/next-integrity
Merge made by the 'ort' strategy.
 security/integrity/ima/ima_appraise.c | 10 ++++++++--
 security/integrity/ima/ima_policy.c   |  3 ++-
 2 files changed, 10 insertions(+), 3 deletions(-)
Merging selinux/next (6bc909227e16 Automated merge of 'dev' into 'next')
$ git merge -m Merge branch 'next' of https://git.kernel.org/pub/scm/linux/kernel/git/pcmoore/selinux.git selinux/next
Merge made by the 'ort' strategy.
 security/selinux/selinuxfs.c      | 13 ++++++-------
 security/selinux/ss/conditional.c |  4 ++--
 2 files changed, 8 insertions(+), 9 deletions(-)
Merging smack/next (b78fede1c69a smack: simplify write handlers of sysfs entries)
$ git merge -m Merge branch 'next' of https://github.com/cschaufler/smack-next smack/next
Auto-merging security/smack/smack_lsm.c
Merge made by the 'ort' strategy.
 security/smack/smack_lsm.c |  2 +-
 security/smack/smackfs.c   | 81 +++++++++++++---------------------------------
 2 files changed, 23 insertions(+), 60 deletions(-)
Merging tomoyo/master (27d5bfcd5496 loop: check lo->lo_backing_file in lo_rw_aio)
$ git merge -m Merge branch 'master' of git://git.code.sf.net/p/tomoyo/tomoyo.git tomoyo/master
Auto-merging include/linux/netdevice.h
Auto-merging lib/Kconfig.debug
Merge made by the 'ort' strategy.
 drivers/block/loop.c      |  40 +++++++++-
 include/linux/netdevice.h |  15 ++++
 include/net/dst.h         |  22 +++++-
 include/net/sock.h        |   8 +-
 kernel/locking/lockdep.c  |   2 +
 kernel/softirq.c          |   4 +
 kernel/workqueue.c        |  28 +++++++
 lib/Kconfig.debug         |   7 ++
 net/bridge/br_nf_core.c   |   1 +
 net/core/dev.c            | 188 ++++++++++++++++++++++++++++++++++++++++++++++
 net/core/dst.c            |  85 +++++++++++++++++++++
 net/core/lock_debug.c     |   1 +
 net/socket.c              |  32 ++++++--
 13 files changed, 420 insertions(+), 13 deletions(-)
Merging tpmdd-tpm/for-next-tpm (9ec4175a30eb KEYS: trusted: Debugging as a feature)
$ git merge -m Merge branch 'for-next-tpm' of https://git.kernel.org/pub/scm/linux/kernel/git/jarkko/linux-tpmdd.git tpmdd-tpm/for-next-tpm
Auto-merging Documentation/admin-guide/kernel-parameters.txt
Merge made by the 'ort' strategy.
 Documentation/admin-guide/kernel-parameters.txt | 16 +++++++++
 include/keys/trusted-type.h                     | 21 +++++++-----
 security/keys/Kconfig                           |  1 -
 security/keys/trusted-keys/Kconfig              | 23 +++++++++++++
 security/keys/trusted-keys/trusted_caam.c       |  7 ++--
 security/keys/trusted-keys/trusted_core.c       |  6 ++++
 security/keys/trusted-keys/trusted_tpm1.c       | 44 ++++++++++++++-----------
 7 files changed, 87 insertions(+), 31 deletions(-)
Merging tpmdd-keys/for-next-keys (9ec4175a30eb KEYS: trusted: Debugging as a feature)
$ git merge -m Merge branch 'for-next-keys' of https://git.kernel.org/pub/scm/linux/kernel/git/jarkko/linux-tpmdd.git tpmdd-keys/for-next-keys
Already up to date.
Merging watchdog/master (450517fa5aae dt-bindings: watchdog: qcom-wdt: Document Glymur watchdog)
$ git merge -m Merge branch 'master' of git://www.linux-watchdog.org/linux-watchdog-next.git watchdog/master
Already up to date.
Merging iommu/next (10161b4a791d iommu/amd: Fix precedence order in set_dte_passthrough())
$ git merge -m Merge branch 'next' of https://git.kernel.org/pub/scm/linux/kernel/git/iommu/linux.git iommu/next
Merge made by the 'ort' strategy.
 drivers/iommu/amd/amd_iommu.h       |   3 +
 drivers/iommu/amd/amd_iommu_types.h |  21 +++---
 drivers/iommu/amd/init.c            | 133 +++++++++++++++++++++++++-----------
 drivers/iommu/amd/iommu.c           |   5 +-
 drivers/iommu/amd/ppr.c             |   8 ++-
 drivers/iommu/iommu-pages.h         |   2 +-
 6 files changed, 118 insertions(+), 54 deletions(-)
Merging audit/next (254f49634ee1 Linux 7.1-rc1)
$ git merge -m Merge branch 'next' of https://git.kernel.org/pub/scm/linux/kernel/git/pcmoore/audit.git audit/next
Already up to date.
Merging devicetree/for-next (a74c2e55ab66 dt-bindings: display: panel: panel-simple: Add lg,sw49410 compatible)
$ git merge -m Merge branch 'for-next' of https://git.kernel.org/pub/scm/linux/kernel/git/robh/linux.git devicetree/for-next
Already up to date.
Merging dt-krzk/for-next (254f49634ee1 Linux 7.1-rc1)
$ git merge -m Merge branch 'for-next' of https://git.kernel.org/pub/scm/linux/kernel/git/krzk/linux-dt.git dt-krzk/for-next
Already up to date.
Merging mailbox/for-next (6e937f4e769e mailbox: mailbox-test: make data_ready a per-instance variable)
$ git merge -m Merge branch 'for-next' of https://git.kernel.org/pub/scm/linux/kernel/git/jassibrar/mailbox.git mailbox/for-next
Already up to date.
Merging spi/for-next (4f36c9feced6 Merge remote-tracking branch 'spi/for-7.2' into spi-next)
$ git merge -m Merge branch 'for-next' of https://git.kernel.org/pub/scm/linux/kernel/git/broonie/spi.git spi/for-next
Merge made by the 'ort' strategy.
 drivers/spi/spi-atcspi200.c           | 28 ++++++++-----------
 drivers/spi/spi-cadence-quadspi.c     | 52 ++++++++++++++---------------------
 drivers/spi/spi-cadence.c             | 22 +++++++--------
 drivers/spi/spi-microchip-core-qspi.c |  3 +-
 drivers/spi/spi-mpc52xx.c             | 26 +++++++++++-------
 drivers/spi/spi.c                     |  4 ++-
 6 files changed, 63 insertions(+), 72 deletions(-)
Merging tip/master (a1dbefe393eb Merge branch into tip/master: 'x86/tdx')
$ git merge -m Merge branch 'master' of https://git.kernel.org/pub/scm/linux/kernel/git/tip/tip.git tip/master
Auto-merging MAINTAINERS
Auto-merging drivers/irqchip/Kconfig
Auto-merging drivers/irqchip/Makefile
Merge made by the 'ort' strategy.
 Documentation/arch/x86/tdx.rst                     |   7 -
 .../interrupt-controller/aspeed,ast2700-intc.yaml  |  90 ----
 .../aspeed,ast2700-interrupt.yaml                  | 188 +++++++
 ...,jh8100-intc.yaml => starfive,jhb100-intc.yaml} |  20 +-
 .../devicetree/bindings/timer/fsl,imxgpt.yaml      |   1 +
 MAINTAINERS                                        |   7 +-
 arch/arm/include/asm/arch_gicv3.h                  |   4 +-
 arch/x86/boot/compressed/kaslr.c                   |   3 +-
 arch/x86/boot/string.c                             |  30 +-
 arch/x86/boot/string.h                             |   1 -
 arch/x86/coco/sev/internal.h                       |   3 +
 arch/x86/coco/sev/vc-handle.c                      |  12 +-
 arch/x86/entry/entry_64.S                          |   4 +-
 arch/x86/entry/entry_fred.c                        |  10 -
 arch/x86/include/asm/bug.h                         |   4 +-
 arch/x86/include/asm/idtentry.h                    |  29 +-
 arch/x86/include/asm/shared/tdx.h                  |   1 +
 .../{kvm/vmx => include/asm/shared}/tdx_errno.h    |   8 +-
 arch/x86/include/asm/tdx.h                         |   9 +-
 arch/x86/kernel/cpu/microcode/intel-ucode-defs.h   | 479 ++++++++---------
 arch/x86/kernel/crash.c                            |   2 +
 arch/x86/kernel/machine_kexec_64.c                 |  16 -
 arch/x86/kvm/vmx/tdx.c                             |  10 -
 arch/x86/kvm/vmx/tdx.h                             |   1 -
 arch/x86/virt/vmx/tdx/tdx.c                        |  66 ++-
 arch/x86/virt/vmx/tdx/tdx.h                        |   1 +
 drivers/clocksource/mmio.c                         |  11 +-
 drivers/clocksource/timer-of.c                     |  24 +-
 drivers/clocksource/timer-of.h                     |   5 +-
 drivers/clocksource/timer-rtl-otto.c               |   2 +-
 drivers/clocksource/timer-sun5i.c                  |   3 +
 drivers/irqchip/.kunitconfig                       |   5 +
 drivers/irqchip/Kconfig                            |  35 +-
 drivers/irqchip/Makefile                           |   5 +-
 drivers/irqchip/irq-aspeed-intc.c                  | 139 -----
 drivers/irqchip/irq-ast2700-intc0-test.c           | 473 +++++++++++++++++
 drivers/irqchip/irq-ast2700-intc0.c                | 582 +++++++++++++++++++++
 drivers/irqchip/irq-ast2700-intc1.c                | 280 ++++++++++
 drivers/irqchip/irq-ast2700.c                      | 107 ++++
 drivers/irqchip/irq-ast2700.h                      |  48 ++
 drivers/irqchip/irq-starfive-jh8100-intc.c         | 207 --------
 drivers/irqchip/irq-starfive-jhb100-intc.c         | 254 +++++++++
 drivers/power/supply/charger-manager.c             |  16 +-
 fs/timerfd.c                                       | 117 +++--
 include/linux/alarmtimer.h                         |   9 +-
 include/linux/hrtimer.h                            |  20 +-
 include/linux/irqchip/arm-gic-v3.h                 |   2 +-
 include/linux/irqchip/arm-gic.h                    |   4 +-
 include/trace/events/timer.h                       |  13 +
 kernel/time/alarmtimer.c                           |  70 ++-
 kernel/time/hrtimer.c                              | 142 ++++-
 kernel/time/posix-cpu-timers.c                     |  18 +-
 kernel/time/posix-timers.c                         |  35 +-
 kernel/time/posix-timers.h                         |   4 +-
 net/netfilter/xt_IDLETIMER.c                       |  24 +-
 scripts/update-intel-ucode-defs.py                 | 130 +++++
 56 files changed, 2793 insertions(+), 997 deletions(-)
 delete mode 100644 Documentation/devicetree/bindings/interrupt-controller/aspeed,ast2700-intc.yaml
 create mode 100644 Documentation/devicetree/bindings/interrupt-controller/aspeed,ast2700-interrupt.yaml
 rename Documentation/devicetree/bindings/interrupt-controller/{starfive,jh8100-intc.yaml => starfive,jhb100-intc.yaml} (68%)
 rename arch/x86/{kvm/vmx => include/asm/shared}/tdx_errno.h (90%)
 create mode 100644 drivers/irqchip/.kunitconfig
 delete mode 100644 drivers/irqchip/irq-aspeed-intc.c
 create mode 100644 drivers/irqchip/irq-ast2700-intc0-test.c
 create mode 100644 drivers/irqchip/irq-ast2700-intc0.c
 create mode 100644 drivers/irqchip/irq-ast2700-intc1.c
 create mode 100644 drivers/irqchip/irq-ast2700.c
 create mode 100644 drivers/irqchip/irq-ast2700.h
 delete mode 100644 drivers/irqchip/irq-starfive-jh8100-intc.c
 create mode 100644 drivers/irqchip/irq-starfive-jhb100-intc.c
 create mode 100755 scripts/update-intel-ucode-defs.py
Merging kexec/kexec-next (028ef9c96e96 Linux 7.0)
$ git merge -m Merge branch 'kexec-next' of https://git.kernel.org/pub/scm/linux/kernel/git/liveupdate/linux.git kexec/kexec-next
Already up to date.
Merging liveupdate/next (34e8f02817e3 memblock tests: define MIGRATE_CMA)
$ git merge -m Merge branch 'next' of https://git.kernel.org/pub/scm/linux/kernel/git/liveupdate/linux.git liveupdate/next
Auto-merging kernel/liveupdate/kexec_handover.c
Auto-merging kernel/liveupdate/luo_session.c
Auto-merging mm/mm_init.c
Merge made by the 'ort' strategy.
 include/linux/liveupdate.h                      |   9 +-
 include/linux/memblock.h                        |  21 ++++-
 include/uapi/linux/liveupdate.h                 |  21 +++++
 kernel/liveupdate/Kconfig                       |   2 -
 kernel/liveupdate/kexec_handover.c              |  52 +++++------
 kernel/liveupdate/luo_flb.c                     |  52 +++++------
 kernel/liveupdate/luo_session.c                 |  20 +++++
 lib/tests/liveupdate.c                          |   3 +
 mm/memblock.c                                   |  56 +++++-------
 mm/mm_init.c                                    |  30 ++++---
 tools/testing/memblock/linux/mmzone.h           |   4 +
 tools/testing/selftests/kho/vmtest.sh           |   4 +
 tools/testing/selftests/liveupdate/liveupdate.c | 113 ++++++++++++++++++++++++
 13 files changed, 283 insertions(+), 104 deletions(-)
Merging clockevents/timers/drivers/next (0712d2137dd8 dt-bindings: timer: Add StarFive JHB100 clint)
$ git merge -m Merge branch 'timers/drivers/next' of https://git.kernel.org/pub/scm/linux/kernel/git/daniel.lezcano/linux.git clockevents/timers/drivers/next
Auto-merging Documentation/devicetree/bindings/timer/sifive,clint.yaml
Merge made by the 'ort' strategy.
 .../devicetree/bindings/timer/renesas,rz-mtu3.yaml | 26 +++++++++++++++++-----
 .../devicetree/bindings/timer/sifive,clint.yaml    | 17 +-------------
 2 files changed, 21 insertions(+), 22 deletions(-)
Merging edac/edac-for-next (3d63012017f1 Merge ras/edac-urgent into for-next)
$ git merge -m Merge branch 'edac-for-next' of https://git.kernel.org/pub/scm/linux/kernel/git/ras/ras.git edac/edac-for-next
Merge made by the 'ort' strategy.
Merging ftrace/for-next (0b6bc3dbe632 Merge tag 'trace-latency-v7.1' of git://git.kernel.org/pub/scm/linux/kernel/git/trace/linux-trace)
$ git merge -m Merge branch 'for-next' of https://git.kernel.org/pub/scm/linux/kernel/git/trace/linux-trace.git ftrace/for-next
Already up to date.
Merging rcu/next (ed062c41dfda Merge branch 'rcu-nocb.20260123a')
$ git merge -m Merge branch 'next' of https://git.kernel.org/pub/scm/linux/kernel/git/rcu/linux rcu/next
Already up to date.
Merging paulmck/non-rcu/next (48f7a50c027d stop_machine: Fix the documentation for a NULL cpus argument)
$ git merge -m Merge branch 'non-rcu/next' of https://git.kernel.org/pub/scm/linux/kernel/git/paulmck/linux-rcu.git paulmck/non-rcu/next
Already up to date.
Merging kvm/next (6d35786de281 Merge tag 'for-linus' of git://git.kernel.org/pub/scm/virt/kvm/kvm)
$ git merge -m Merge branch 'next' of git://git.kernel.org/pub/scm/virt/kvm/kvm.git kvm/next
Already up to date.
Merging kvm-arm/next (94b4ae79ebb4 Merge branch kvm-arm64/misc-7.1 into kvmarm-master/next)
$ git merge -m Merge branch 'next' of https://git.kernel.org/pub/scm/linux/kernel/git/kvmarm/kvmarm.git kvm-arm/next
Already up to date.
Merging kvms390/next (9b8e8aad5896 KVM: s390: ucontrol: Fix memslot handling)
$ git merge -m Merge branch 'next' of https://git.kernel.org/pub/scm/linux/kernel/git/kvms390/linux.git kvms390/next
Already up to date.
Merging kvm-ppc/topic/ppc-kvm (7fd2df204f34 Linux 7.1-rc2)
$ git merge -m Merge branch 'topic/ppc-kvm' of https://git.kernel.org/pub/scm/linux/kernel/git/powerpc/linux.git kvm-ppc/topic/ppc-kvm
Already up to date.
Merging kvm-riscv/riscv_kvm_next (ddbf9c76c402 RISC-V: KVM: Fix shift-out-of-bounds in make_xfence_request())
$ git merge -m Merge branch 'riscv_kvm_next' of https://github.com/kvm-riscv/linux.git kvm-riscv/riscv_kvm_next
Already up to date.
Merging kvm-x86/next (85f871f6ba46 Merge branch 'selftests_kernel_types')
$ git merge -m Merge branch 'next' of https://github.com/kvm-x86/linux.git kvm-x86/next
Merge made by the 'ort' strategy.
Merging xen-tip/linux-next (3f100dd61ad4 xen/grant-table: guard gnttab_suspend/resume with CONFIG_HIBERNATE_CALLBACKS)
$ git merge -m Merge branch 'linux-next' of https://git.kernel.org/pub/scm/linux/kernel/git/xen/tip.git xen-tip/linux-next
Already up to date.
Merging percpu/for-next (8f0b4cce4481 Linux 6.19-rc1)
$ git merge -m Merge branch 'for-next' of https://git.kernel.org/pub/scm/linux/kernel/git/dennis/percpu.git percpu/for-next
Already up to date.
Merging workqueues/for-next (20e81c64c905 workqueue: Annotate alloc_workqueue_va() with __printf(1, 0))
$ git merge -m Merge branch 'for-next' of https://git.kernel.org/pub/scm/linux/kernel/git/tj/wq.git workqueues/for-next
Auto-merging kernel/workqueue.c
Merge made by the 'ort' strategy.
 include/linux/workqueue.h |  6 ++++--
 kernel/workqueue.c        | 29 ++++++++++++++++++++---------
 2 files changed, 24 insertions(+), 11 deletions(-)
Merging sched-ext/for-next (88588854c283 Merge branch 'for-7.2' into for-next)
$ git merge -m Merge branch 'for-next' of https://git.kernel.org/pub/scm/linux/kernel/git/tj/sched_ext.git sched-ext/for-next
Auto-merging kernel/sched/ext.c
Merge made by the 'ort' strategy.
 Documentation/scheduler/sched-ext.rst              |    7 +-
 include/linux/sched/ext.h                          |    9 +
 kernel/sched/build_policy.c                        |    5 +
 kernel/sched/ext.c                                 | 1052 ++++++++++++++++----
 kernel/sched/ext_cid.c                             |  409 ++++++++
 kernel/sched/ext_cid.h                             |  164 +++
 kernel/sched/ext_idle.c                            |    9 +-
 kernel/sched/ext_internal.h                        |  229 ++++-
 kernel/sched/ext_types.h                           |  104 ++
 tools/sched_ext/README.md                          |    6 +-
 tools/sched_ext/include/scx/cid.bpf.h              |  666 +++++++++++++
 tools/sched_ext/include/scx/common.bpf.h           |   28 +
 tools/sched_ext/include/scx/compat.bpf.h           |   30 +-
 tools/sched_ext/include/scx/compat.h               |   23 +-
 tools/sched_ext/include/scx/user_exit_info.bpf.h   |    3 +
 tools/sched_ext/include/scx/user_exit_info.h       |    2 +
 .../sched_ext/include/scx/user_exit_info_common.h  |    5 +
 tools/sched_ext/scx_central.bpf.c                  |   10 +-
 tools/sched_ext/scx_cpu0.bpf.c                     |    2 -
 tools/sched_ext/scx_cpu0.c                         |    2 -
 tools/sched_ext/scx_flatcg.c                       |   12 +-
 tools/sched_ext/scx_qmap.bpf.c                     |  893 ++++++++++-------
 tools/sched_ext/scx_qmap.c                         |  109 +-
 tools/sched_ext/scx_qmap.h                         |   73 ++
 .../selftests/sched_ext/non_scx_kfunc_deny.bpf.c   |    7 +-
 25 files changed, 3212 insertions(+), 647 deletions(-)
 create mode 100644 kernel/sched/ext_cid.c
 create mode 100644 kernel/sched/ext_cid.h
 create mode 100644 kernel/sched/ext_types.h
 create mode 100644 tools/sched_ext/include/scx/cid.bpf.h
 create mode 100644 tools/sched_ext/scx_qmap.h
Merging drivers-x86/for-next (74ab7c4d73d5 platform/x86: thinkpad_acpi: Remove unneeded goto)
$ git merge -m Merge branch 'for-next' of https://git.kernel.org/pub/scm/linux/kernel/git/pdx86/platform-drivers-x86.git drivers-x86/for-next
Merge made by the 'ort' strategy.
 drivers/char/sonypi.c                              |  5 +--
 drivers/platform/x86/Kconfig                       |  1 +
 .../x86/dell/dell-wmi-sysman/biosattr-interface.c  |  8 ++---
 .../x86/dell/dell-wmi-sysman/dell-wmi-sysman.h     |  4 +--
 .../dell/dell-wmi-sysman/passwordattr-interface.c  |  4 +--
 drivers/platform/x86/dell/dell-wmi-sysman/sysman.c |  6 ++--
 drivers/platform/x86/dell/dell_rbu.c               |  4 +--
 drivers/platform/x86/lenovo/thinkpad_acpi.c        |  3 +-
 drivers/platform/x86/meraki-mx100.c                | 41 ++++++++++------------
 9 files changed, 36 insertions(+), 40 deletions(-)
$ git am -3 ../patches/0001-hid-Fix-up-mismerge.patch
Applying: hid: Fix up mismerge
$ git reset HEAD^
Unstaged changes after reset:
M	drivers/hid/hid-asus.c
$ git add -A .
$ git commit -v -a --amend
[master 0f4ac6a43556] Merge branch 'for-next' of https://git.kernel.org/pub/scm/linux/kernel/git/pdx86/platform-drivers-x86.git
 Date: Mon May 4 22:40:33 2026 +0200
Merging chrome-platform/for-next (0fd0fea2525d platform/chrome: cros_kbd_led_backlight: Drop CONFIG_MFD_CROS_EC_DEV ifdeffery)
$ git merge -m Merge branch 'for-next' of https://git.kernel.org/pub/scm/linux/kernel/git/chrome-platform/linux.git chrome-platform/for-next
Merge made by the 'ort' strategy.
 drivers/platform/chrome/cros_ec_sensorhub.c      |  6 ++++-
 drivers/platform/chrome/cros_ec_sysfs.c          |  5 +++--
 drivers/platform/chrome/cros_kbd_led_backlight.c | 28 ++++++------------------
 include/linux/platform_data/cros_ec_proto.h      |  2 ++
 4 files changed, 17 insertions(+), 24 deletions(-)
Merging chrome-platform-firmware/for-firmware-next (86e3bbc71633 firmware: google: Skip failing entries instead of aborting populate)
$ git merge -m Merge branch 'for-firmware-next' of https://git.kernel.org/pub/scm/linux/kernel/git/chrome-platform/linux.git chrome-platform-firmware/for-firmware-next
Merge made by the 'ort' strategy.
 drivers/firmware/google/coreboot_table.c | 17 ++++++++++++-----
 1 file changed, 12 insertions(+), 5 deletions(-)
Merging hsi/for-next (254f49634ee1 Linux 7.1-rc1)
$ git merge -m Merge branch 'for-next' of https://git.kernel.org/pub/scm/linux/kernel/git/sre/linux-hsi.git hsi/for-next
Already up to date.
Merging leds-lj/for-leds-next (863ba8705529 dt-binding: leds: Publish common bindings under dual license)
$ git merge -m Merge branch 'for-leds-next' of https://git.kernel.org/pub/scm/linux/kernel/git/lee/leds.git leds-lj/for-leds-next
Merge made by the 'ort' strategy.
 Documentation/devicetree/bindings/leds/irled/ir-spi-led.yaml | 2 +-
 drivers/leds/leds-pca9532.c                                  | 8 +++++---
 drivers/leds/leds-st1202.c                                   | 1 -
 include/dt-bindings/leds/common.h                            | 2 +-
 4 files changed, 7 insertions(+), 6 deletions(-)
Merging ipmi/for-next (c9ccd876a06e ipmi:kcs: Reduce the number of retries)
$ git merge -m Merge branch 'for-next' of https://github.com/cminyard/linux-ipmi.git ipmi/for-next
Merge made by the 'ort' strategy.
 drivers/char/ipmi/ipmi_kcs_sm.c  |  2 +-
 drivers/char/ipmi/ipmi_si_intf.c | 70 ++++++++++++++++++++++++++++++++--------
 drivers/char/ipmi/ipmi_ssif.c    | 24 ++++++++++++--
 3 files changed, 79 insertions(+), 17 deletions(-)
Merging driver-core/driver-core-next (36f35b8df697 driver core: reject devices with unregistered buses)
$ git merge -m Merge branch 'driver-core-next' of https://git.kernel.org/pub/scm/linux/kernel/git/driver-core/driver-core.git driver-core/driver-core-next
Auto-merging Documentation/admin-guide/kernel-parameters.txt
Auto-merging MAINTAINERS
Auto-merging drivers/base/memory.c
Auto-merging drivers/pci/pwrctrl/core.c
Auto-merging include/acpi/acpi_bus.h
Merge made by the 'ort' strategy.
 Documentation/admin-guide/kernel-parameters.txt |  5 +-
 MAINTAINERS                                     |  1 +
 arch/arc/mm/dma.c                               |  4 +-
 arch/arm/mach-highbank/highbank.c               |  2 +-
 arch/arm/mach-mvebu/coherency.c                 |  2 +-
 arch/arm/mm/dma-mapping-nommu.c                 |  4 +-
 arch/arm/mm/dma-mapping.c                       | 28 ++++----
 arch/arm64/kernel/cpufeature.c                  |  2 +-
 arch/arm64/mm/dma-mapping.c                     |  2 +-
 arch/mips/mm/dma-noncoherent.c                  |  2 +-
 arch/powerpc/kernel/dma-iommu.c                 |  8 +--
 arch/powerpc/platforms/pseries/hotplug-memory.c |  4 +-
 arch/riscv/mm/dma-noncoherent.c                 |  2 +-
 drivers/acpi/bus.c                              |  6 +-
 drivers/acpi/scan.c                             |  2 +-
 drivers/base/base.h                             | 14 ++++
 drivers/base/bus.c                              | 11 ++-
 drivers/base/core.c                             | 44 ++++++------
 drivers/base/cpu.c                              |  4 +-
 drivers/base/dd.c                               | 18 +++--
 drivers/base/faux.c                             | 32 ++++-----
 drivers/base/memory.c                           |  2 +-
 drivers/base/pinctrl.c                          |  2 +-
 drivers/base/platform.c                         |  2 +-
 drivers/dma/ti/k3-udma-glue.c                   |  6 +-
 drivers/dma/ti/k3-udma.c                        |  6 +-
 drivers/iommu/dma-iommu.c                       |  9 ++-
 drivers/iommu/iommu.c                           |  5 +-
 drivers/net/pcs/pcs-xpcs-plat.c                 |  2 +-
 drivers/of/device.c                             |  6 +-
 drivers/pci/of.c                                |  2 +-
 drivers/pci/pwrctrl/core.c                      |  2 +-
 drivers/tty/serial/serial_base_bus.c            |  2 +-
 drivers/usb/gadget/udc/aspeed-vhub/dev.c        |  2 +-
 include/acpi/acpi_bus.h                         | 11 +++
 include/linux/device.h                          | 91 +++++++++++--------------
 include/linux/dma-map-ops.h                     |  6 +-
 include/linux/dma-mapping.h                     |  2 +-
 include/linux/iommu-dma.h                       |  3 +-
 kernel/cpu.c                                    |  4 +-
 kernel/dma/mapping.c                            | 12 ++--
 mm/hmm.c                                        |  2 +-
 rust/helpers/acpi.c                             | 16 +++++
 rust/helpers/helpers.c                          |  1 +
 rust/kernel/driver.rs                           | 74 ++++++++++++++++----
 45 files changed, 273 insertions(+), 194 deletions(-)
 create mode 100644 rust/helpers/acpi.c
Merging usb/usb-next (25bd55f46032 usb: udc: pxa: remove unused platform_data)
$ git merge -m Merge branch 'usb-next' of https://git.kernel.org/pub/scm/linux/kernel/git/gregkh/usb.git usb/usb-next
Merge made by the 'ort' strategy.
 .../devicetree/bindings/usb/cdns,usb3.yaml         |  10 +-
 .../devicetree/bindings/usb/genesys,gl850g.yaml    |  18 ++
 arch/arm/mach-pxa/devices.c                        |   7 -
 arch/arm/mach-pxa/gumstix.c                        |   1 -
 arch/arm/mach-pxa/udc.h                            |   8 -
 drivers/usb/Makefile                               |   2 -
 drivers/usb/cdns3/Kconfig                          | 112 +++----
 drivers/usb/cdns3/Makefile                         |  46 +--
 drivers/usb/cdns3/cdns3-gadget.c                   |   1 +
 drivers/usb/cdns3/cdns3-plat.c                     |  27 +-
 drivers/usb/cdns3/cdnsp-gadget.c                   |  50 ++-
 drivers/usb/cdns3/cdnsp-gadget.h                   |   1 +
 drivers/usb/cdns3/cdnsp-mem.c                      |  73 +++--
 drivers/usb/cdns3/cdnsp-pci.c                      | 209 ++++++------
 drivers/usb/cdns3/cdnsp-ring.c                     |   9 +-
 drivers/usb/cdns3/core.c                           |  45 +--
 drivers/usb/cdns3/core.h                           |   5 +-
 drivers/usb/cdns3/gadget-export.h                  |  10 +-
 drivers/usb/cdns3/host-export.h                    |   4 +-
 drivers/usb/gadget/udc/core.c                      |   7 +-
 drivers/usb/gadget/udc/pxa25x_udc.c                |  41 +--
 drivers/usb/gadget/udc/pxa25x_udc.h                |   2 +-
 drivers/usb/gadget/udc/pxa27x_udc.c                |  35 +--
 drivers/usb/gadget/udc/pxa27x_udc.h                |   2 -
 drivers/usb/misc/Kconfig                           |   2 +-
 drivers/usb/misc/onboard_usb_dev.c                 |   1 +
 drivers/usb/misc/onboard_usb_dev.h                 |   8 +
 drivers/usb/typec/mux/intel_pmc_mux.c              |  19 +-
 drivers/usb/typec/mux/ps883x.c                     | 350 +++++++++++----------
 include/linux/platform_data/pxa2xx_udc.h           |  15 -
 30 files changed, 550 insertions(+), 570 deletions(-)
 delete mode 100644 arch/arm/mach-pxa/udc.h
Merging thunderbolt/next (babaad95670d thunderbolt: debugfs: Don't stop reading SB registers if just one fails)
$ git merge -m Merge branch 'next' of https://git.kernel.org/pub/scm/linux/kernel/git/westeri/thunderbolt.git thunderbolt/next
Merge made by the 'ort' strategy.
 drivers/thunderbolt/debugfs.c | 6 ++++--
 1 file changed, 4 insertions(+), 2 deletions(-)
Merging usb-serial/usb-next (254f49634ee1 Linux 7.1-rc1)
$ git merge -m Merge branch 'usb-next' of https://git.kernel.org/pub/scm/linux/kernel/git/johan/usb-serial.git usb-serial/usb-next
Already up to date.
Merging tty/tty-next (a2083fd1fa7a serial: qcom: Unify user-visible "Qualcomm" name)
$ git merge -m Merge branch 'tty-next' of https://git.kernel.org/pub/scm/linux/kernel/git/gregkh/tty.git tty/tty-next
Merge made by the 'ort' strategy.
 drivers/tty/serial/Kconfig | 4 ++--
 1 file changed, 2 insertions(+), 2 deletions(-)
Merging char-misc/char-misc-next (7fd2df204f34 Linux 7.1-rc2)
$ git merge -m Merge branch 'char-misc-next' of https://git.kernel.org/pub/scm/linux/kernel/git/gregkh/char-misc.git char-misc/char-misc-next
Already up to date.
Merging coresight/next (971f3474f889 coresight: tpdm: fix invalid MMIO access issue)
$ git merge -m Merge branch 'next' of https://git.kernel.org/pub/scm/linux/kernel/git/coresight/linux.git coresight/next
Already up to date.
Merging fastrpc/for-next (6de23f81a5e0 Linux 7.0-rc1)
$ git merge -m Merge branch 'for-next' of https://git.kernel.org/pub/scm/linux/kernel/git/srini/fastrpc.git fastrpc/for-next
Already up to date.
Merging fpga/for-next (d4d5ad6c6039 fpga-mgr: Add Efinix SPI programming driver)
$ git merge -m Merge branch 'for-next' of https://git.kernel.org/pub/scm/linux/kernel/git/fpga/linux-fpga.git fpga/for-next
Auto-merging Documentation/devicetree/bindings/vendor-prefixes.yaml
Merge made by the 'ort' strategy.
 .../bindings/fpga/efinix,trion-config.yaml         |  98 ++++++++
 .../bindings/fpga/technologic,ts7300-fpga.yaml     |  36 +++
 .../devicetree/bindings/vendor-prefixes.yaml       |   2 +
 drivers/fpga/Kconfig                               |   7 +
 drivers/fpga/Makefile                              |   1 +
 drivers/fpga/efinix-spi.c                          | 260 +++++++++++++++++++++
 drivers/fpga/of-fpga-region.c                      |   3 +-
 drivers/fpga/ts73xx-fpga.c                         |   9 +
 8 files changed, 414 insertions(+), 2 deletions(-)
 create mode 100644 Documentation/devicetree/bindings/fpga/efinix,trion-config.yaml
 create mode 100644 Documentation/devicetree/bindings/fpga/technologic,ts7300-fpga.yaml
 create mode 100644 drivers/fpga/efinix-spi.c
Merging icc/icc-next (0436cd305d0b MAINTAINERS: Add interconnect kunit test entry)
$ git merge -m Merge branch 'icc-next' of https://git.kernel.org/pub/scm/linux/kernel/git/djakov/icc.git icc/icc-next
Already up to date.
Merging iio/togreg (d2a4ec19d2a2 Docs: iio: ad7191 Correct clock configuration)
$ git merge -m Merge branch 'togreg' of https://git.kernel.org/pub/scm/linux/kernel/git/jic23/iio.git iio/togreg
Already up to date.
Merging phy-next/next (f67ab4706ab7 phy: renesas: rcar-gen3-usb2: Simplify ID/VBUS detection logic)
$ git merge -m Merge branch 'next' of https://git.kernel.org/pub/scm/linux/kernel/git/phy/linux-phy.git phy-next/next
Merge made by the 'ort' strategy.
 drivers/phy/phy-airoha-pcie-regs.h       |  2 +-
 drivers/phy/renesas/phy-rcar-gen3-usb2.c | 10 ++++------
 2 files changed, 5 insertions(+), 7 deletions(-)
Merging soundwire/next (45c7bda7b744 soundwire: validate DT compatible before parsing it)
$ git merge -m Merge branch 'next' of https://git.kernel.org/pub/scm/linux/kernel/git/vkoul/soundwire.git soundwire/next
Merge made by the 'ort' strategy.
 drivers/soundwire/intel_auxdevice.c | 2 ++
 drivers/soundwire/slave.c           | 4 ++--
 drivers/soundwire/stream.c          | 6 +++++-
 3 files changed, 9 insertions(+), 3 deletions(-)
Merging extcon/extcon-next (254f49634ee1 Linux 7.1-rc1)
$ git merge -m Merge branch 'extcon-next' of https://git.kernel.org/pub/scm/linux/kernel/git/chanwoo/extcon.git extcon/extcon-next
Already up to date.
Merging gnss/gnss-next (254f49634ee1 Linux 7.1-rc1)
$ git merge -m Merge branch 'gnss-next' of https://git.kernel.org/pub/scm/linux/kernel/git/johan/gnss.git gnss/gnss-next
Already up to date.
Merging vfio/next (30471982cd66 vfio/cdx: Consolidate MSI configured state onto cdx_irqs)
$ git merge -m Merge branch 'next' of https://github.com/awilliam/linux-vfio.git vfio/next
Already up to date.
Merging w1/for-next (254f49634ee1 Linux 7.1-rc1)
$ git merge -m Merge branch 'for-next' of https://git.kernel.org/pub/scm/linux/kernel/git/krzk/linux-w1.git w1/for-next
Already up to date.
Merging spmi/spmi-next (254f49634ee1 Linux 7.1-rc1)
$ git merge -m Merge branch 'spmi-next' of https://git.kernel.org/pub/scm/linux/kernel/git/sboyd/spmi.git spmi/spmi-next
Already up to date.
Merging staging/staging-next (4e2475038cba staging: rtl8723bs: add spaces arround |)
$ git merge -m Merge branch 'staging-next' of https://git.kernel.org/pub/scm/linux/kernel/git/gregkh/staging.git staging/staging-next
Merge made by the 'ort' strategy.
 drivers/staging/fbtft/fb_ssd1351.c                 |   3 +-
 drivers/staging/fbtft/fbtft-core.c                 |   3 +-
 .../greybus/Documentation/firmware/authenticate.c  |   2 +-
 drivers/staging/most/dim2/dim2.c                   |   4 +-
 drivers/staging/most/net/net.c                     |  12 +-
 drivers/staging/most/video/video.c                 |  21 ---
 drivers/staging/rtl8723bs/core/rtw_ap.c            |  74 +----------
 drivers/staging/rtl8723bs/core/rtw_btcoex.c        |   5 +-
 drivers/staging/rtl8723bs/core/rtw_cmd.c           |   2 +-
 drivers/staging/rtl8723bs/core/rtw_efuse.c         |  23 ++--
 drivers/staging/rtl8723bs/core/rtw_io.c            |  20 +--
 drivers/staging/rtl8723bs/core/rtw_ioctl_set.c     |   3 +-
 drivers/staging/rtl8723bs/core/rtw_mlme.c          |  12 +-
 drivers/staging/rtl8723bs/core/rtw_mlme_ext.c      |  70 +---------
 drivers/staging/rtl8723bs/core/rtw_recv.c          |  28 ----
 drivers/staging/rtl8723bs/core/rtw_sta_mgt.c       |   1 -
 drivers/staging/rtl8723bs/core/rtw_wlan_util.c     |   7 +-
 drivers/staging/rtl8723bs/core/rtw_xmit.c          | 144 ++++++++++-----------
 drivers/staging/rtl8723bs/hal/HalBtc8723b2Ant.c    |   4 +-
 drivers/staging/rtl8723bs/hal/HalPhyRf_8723B.c     |   5 +-
 drivers/staging/rtl8723bs/hal/hal_com.c            |  46 +------
 drivers/staging/rtl8723bs/hal/hal_com_phycfg.c     |  11 +-
 drivers/staging/rtl8723bs/hal/hal_intf.c           |  36 ------
 drivers/staging/rtl8723bs/hal/rtl8723b_cmd.c       |  18 +--
 drivers/staging/rtl8723bs/hal/rtl8723b_hal_init.c  |  55 ++++----
 drivers/staging/rtl8723bs/hal/rtl8723b_phycfg.c    |  65 ++++------
 drivers/staging/rtl8723bs/hal/rtl8723bs_xmit.c     |   2 +-
 drivers/staging/rtl8723bs/hal/sdio_halinit.c       |  71 +++-------
 drivers/staging/rtl8723bs/hal/sdio_ops.c           | 135 ++-----------------
 drivers/staging/rtl8723bs/include/hal_com.h        |   2 -
 drivers/staging/rtl8723bs/include/hal_intf.h       |  11 --
 drivers/staging/rtl8723bs/include/ieee80211.h      |   4 +-
 drivers/staging/rtl8723bs/include/osdep_service.h  |  23 ----
 drivers/staging/rtl8723bs/include/rtl8723b_recv.h  |   2 +-
 drivers/staging/rtl8723bs/include/rtw_cmd.h        |   2 +-
 drivers/staging/rtl8723bs/include/rtw_efuse.h      |  14 +-
 drivers/staging/rtl8723bs/include/rtw_io.h         |  16 ---
 drivers/staging/rtl8723bs/include/rtw_xmit.h       |   1 -
 drivers/staging/rtl8723bs/include/sdio_ops.h       |   2 +-
 drivers/staging/rtl8723bs/include/wifi.h           |  16 +--
 drivers/staging/rtl8723bs/include/xmit_osdep.h     |   1 -
 drivers/staging/rtl8723bs/os_dep/ioctl_cfg80211.c  |   8 +-
 drivers/staging/rtl8723bs/os_dep/os_intfs.c        |  25 ++--
 drivers/staging/rtl8723bs/os_dep/sdio_intf.c       |  13 +-
 drivers/staging/rtl8723bs/os_dep/wifi_regd.c       |  18 +--
 drivers/staging/rtl8723bs/os_dep/xmit_linux.c      |  13 --
 drivers/staging/sm750fb/ddk750_power.c             |  17 ---
 drivers/staging/sm750fb/ddk750_power.h             |   5 -
 drivers/staging/sm750fb/sm750.c                    |  12 +-
 drivers/staging/sm750fb/sm750.h                    |   6 +-
 drivers/staging/sm750fb/sm750_cursor.c             |  43 ------
 drivers/staging/sm750fb/sm750_cursor.h             |   2 -
 drivers/staging/sm750fb/sm750_hw.c                 |   6 +-
 53 files changed, 263 insertions(+), 881 deletions(-)
Merging counter-next/counter-next (254f49634ee1 Linux 7.1-rc1)
$ git merge -m Merge branch 'counter-next' of https://git.kernel.org/pub/scm/linux/kernel/git/wbg/counter.git counter-next/counter-next
Already up to date.
Merging mux/for-next (59b723cd2adb Linux 6.12-rc6)
$ git merge -m Merge branch 'for-next' of https://gitlab.com/peda-linux/mux.git mux/for-next
Already up to date.
Merging dmaengine/next (254f49634ee1 Linux 7.1-rc1)
$ git merge -m Merge branch 'next' of https://git.kernel.org/pub/scm/linux/kernel/git/vkoul/dmaengine.git dmaengine/next
Already up to date.
Merging cgroup/for-next (d69e93434a0f Merge branch 'for-7.1-fixes' into for-next)
$ git merge -m Merge branch 'for-next' of https://git.kernel.org/pub/scm/linux/kernel/git/tj/cgroup.git cgroup/for-next
Merge made by the 'ort' strategy.
 kernel/cgroup/rdma.c | 116 +++++++++++++++++++++++++--------------------------
 1 file changed, 57 insertions(+), 59 deletions(-)
Merging scsi/for-next (98f69975d4c0 Merge branch '7.1/scsi-queue' into 7.1/scsi-fixes)
$ git merge -m Merge branch 'for-next' of https://git.kernel.org/pub/scm/linux/kernel/git/jejb/scsi.git scsi/for-next
Already up to date.
Merging scsi-mkp/for-next (254f49634ee1 Linux 7.1-rc1)
$ git merge -m Merge branch 'for-next' of https://git.kernel.org/pub/scm/linux/kernel/git/mkp/scsi.git scsi-mkp/for-next
Already up to date.
Merging vhost/linux-next (ebcff9dacaf2 vduse: avoid adding implicit padding)
$ git merge -m Merge branch 'linux-next' of https://git.kernel.org/pub/scm/linux/kernel/git/mst/vhost.git vhost/linux-next
Already up to date.
Merging rpmsg/for-next (54dacf6efe71 Merge branch 'rproc-next' into for-next)
$ git merge -m Merge branch 'for-next' of https://git.kernel.org/pub/scm/linux/kernel/git/remoteproc/linux.git rpmsg/for-next
Merge made by the 'ort' strategy.
 .../bindings/remoteproc/fsl,imx-rproc.yaml         |  3 +
 drivers/firmware/xilinx/zynqmp.c                   | 28 +++++++
 drivers/remoteproc/Kconfig                         |  1 -
 drivers/remoteproc/imx_rproc.c                     | 92 +++++++++++++++++++++-
 drivers/remoteproc/imx_rproc.h                     |  2 +
 drivers/remoteproc/xlnx_r5_remoteproc.c            | 46 ++++++++---
 include/linux/firmware/xlnx-zynqmp.h               | 21 +++++
 7 files changed, 180 insertions(+), 13 deletions(-)
Merging gpio-brgl/gpio/for-next (bfdc854ba63b gpiolib: move legacy interface into linux/gpio/legacy.h)
$ git merge -m Merge branch 'gpio/for-next' of https://git.kernel.org/pub/scm/linux/kernel/git/brgl/linux.git gpio-brgl/gpio/for-next
Merge made by the 'ort' strategy.
 drivers/gpio/Kconfig          |   3 +-
 drivers/gpio/gpio-altera.c    | 124 +++++++++---------------------
 drivers/gpio/gpio-ep93xx.c    |   3 +-
 drivers/gpio/gpio-ixp4xx.c    |   7 +-
 drivers/gpio/gpio-pca953x.c   |   7 +-
 drivers/gpio/gpio-sim.c       |  24 +++---
 drivers/gpio/gpio-usbio.c     |   1 +
 drivers/gpio/gpio-xilinx.c    |   6 +-
 drivers/gpio/gpiolib-devres.c |   7 ++
 include/linux/gpio.h          | 162 +--------------------------------------
 include/linux/gpio/legacy.h   | 173 ++++++++++++++++++++++++++++++++++++++++++
 11 files changed, 241 insertions(+), 276 deletions(-)
 create mode 100644 include/linux/gpio/legacy.h
Merging gpio-intel/for-next (3bb62e3f99a5 gpiolib: acpi: Only trigger ActiveBoth interrupts on boot)
$ git merge -m Merge branch 'for-next' of https://git.kernel.org/pub/scm/linux/kernel/git/andy/linux-gpio-intel.git gpio-intel/for-next
Already up to date.
Merging pinctrl/for-next (b51d33ea8a16 pinctrl: qcom: ipq4019: mark gpio as a GPIO pin function)
$ git merge -m Merge branch 'for-next' of https://git.kernel.org/pub/scm/linux/kernel/git/linusw/linux-pinctrl.git pinctrl/for-next
Merge made by the 'ort' strategy.
 drivers/pinctrl/mediatek/pinctrl-moore.c | 18 ++++++++++++++++++
 drivers/pinctrl/qcom/pinctrl-ipq4019.c   |  2 +-
 drivers/pinctrl/qcom/pinctrl-msm.h       |  5 +++++
 3 files changed, 24 insertions(+), 1 deletion(-)
Merging pinctrl-intel/for-next (254f49634ee1 Linux 7.1-rc1)
$ git merge -m Merge branch 'for-next' of https://git.kernel.org/pub/scm/linux/kernel/git/pinctrl/intel.git pinctrl-intel/for-next
Already up to date.
Merging pinctrl-renesas/renesas-pinctrl (11873859c95b dt-bindings: pinctrl: renesas,rzg2l-pinctrl: Document reset-names)
$ git merge -m Merge branch 'renesas-pinctrl' of https://git.kernel.org/pub/scm/linux/kernel/git/geert/renesas-drivers.git pinctrl-renesas/renesas-pinctrl
Merge made by the 'ort' strategy.
 .../bindings/pinctrl/renesas,rzg2l-pinctrl.yaml    | 15 ++++
 drivers/pinctrl/renesas/pinctrl-rzg2l.c            | 89 +++++++++++++++++++++-
 2 files changed, 101 insertions(+), 3 deletions(-)
Merging pinctrl-samsung/for-next (254f49634ee1 Linux 7.1-rc1)
$ git merge -m Merge branch 'for-next' of https://git.kernel.org/pub/scm/linux/kernel/git/pinctrl/samsung.git pinctrl-samsung/for-next
Already up to date.
Merging pwm/pwm/for-next (68637b68afcc pwm: atmel-tcb: Cache clock rates and mark chip as atomic)
$ git merge -m Merge branch 'pwm/for-next' of https://git.kernel.org/pub/scm/linux/kernel/git/ukleinek/linux.git pwm/pwm/for-next
Already up to date.
Merging ktest/for-next (932cdaf3e273 ktest: Add logfile to failure directory)
$ git merge -m Merge branch 'for-next' of https://git.kernel.org/pub/scm/linux/kernel/git/rostedt/linux-ktest.git ktest/for-next
Already up to date.
Merging kselftest/next (254f49634ee1 Linux 7.1-rc1)
$ git merge -m Merge branch 'next' of https://git.kernel.org/pub/scm/linux/kernel/git/shuah/linux-kselftest.git kselftest/next
Already up to date.
Merging kunit/test (254f49634ee1 Linux 7.1-rc1)
$ git merge -m Merge branch 'test' of https://git.kernel.org/pub/scm/linux/kernel/git/shuah/linux-kselftest.git kunit/test
Already up to date.
Merging kunit-next/kunit (254f49634ee1 Linux 7.1-rc1)
$ git merge -m Merge branch 'kunit' of https://git.kernel.org/pub/scm/linux/kernel/git/shuah/linux-kselftest.git kunit-next/kunit
Already up to date.
Merging livepatching/for-next (712c0756828b Merge branch 'for-7.1/module-function-test' into for-next)
$ git merge -m Merge branch 'for-next' of https://git.kernel.org/pub/scm/linux/kernel/git/livepatching/livepatching.git livepatching/for-next
Merge made by the 'ort' strategy.
Merging rtc/rtc-next (b72386864481 rtc: ab8500: replace sprintf() with sysfs_emit())
$ git merge -m Merge branch 'rtc-next' of https://git.kernel.org/pub/scm/linux/kernel/git/abelloni/linux.git rtc/rtc-next
Merge made by the 'ort' strategy.
 drivers/rtc/rtc-ab8500.c | 3 +--
 1 file changed, 1 insertion(+), 2 deletions(-)
Merging nvdimm/libnvdimm-for-next (45df9111692c dax/fsdev: fix uninitialized kaddr in fsdev_dax_zero_page_range())
$ git merge -m Merge branch 'libnvdimm-for-next' of https://git.kernel.org/pub/scm/linux/kernel/git/nvdimm/nvdimm.git nvdimm/libnvdimm-for-next
Already up to date.
Merging at24/at24/for-next (254f49634ee1 Linux 7.1-rc1)
$ git merge -m Merge branch 'at24/for-next' of https://git.kernel.org/pub/scm/linux/kernel/git/brgl/linux.git at24/at24/for-next
Already up to date.
Merging ntb/ntb-next (7b3302c687ca ntb_hw_amd: Fix incorrect debug message in link disable path)
$ git merge -m Merge branch 'ntb-next' of https://github.com/jonmason/ntb.git ntb/ntb-next
Merge made by the 'ort' strategy.
 drivers/ntb/hw/amd/ntb_hw_amd.c | 2 +-
 1 file changed, 1 insertion(+), 1 deletion(-)
Merging seccomp/for-next/seccomp (41fa04327384 selftests/seccomp: Add hard-coded __NR_uprobe for x86_64)
$ git merge -m Merge branch 'for-next/seccomp' of https://git.kernel.org/pub/scm/linux/kernel/git/kees/linux.git seccomp/for-next/seccomp
Already up to date.
Merging slimbus/for-next (6de23f81a5e0 Linux 7.0-rc1)
$ git merge -m Merge branch 'for-next' of https://git.kernel.org/pub/scm/linux/kernel/git/srini/slimbus.git slimbus/for-next
Already up to date.
Merging nvmem/for-next (8d48419d141c Merge branches 'nvmem-fixes' and 'nvmem-for-7.1' into nvmem-for-next)
  11e01bcb827d ("nvmem: rockchip-otp: Add support for RK3568")
  5a992737b28d ("nvmem: qnap-mcu-eeprom: Fix struct assignments using commas instead of semicolons")
  70557835f9d3 ("nvmem: imx: assign nvmem_cell_info::raw_len")
  85e2134182e2 ("nvmem: rockchip-otp: Add support for RK3528")
  93a1b86f51c8 ("nvmem: zynqmp_nvmem: Fix buffer size in DMA and memcpy")
  9438f599e777 ("dt-bindings: nvmem: rockchip,otp: Add support for RK3562 and RK3568")
  9e7aba140eba ("nvmem: rockchip-otp: Handle internal word_size in main reg_read op")
  b7ad72258857 ("dt-bindings: nvmem: sl28cpld: Drop sa67mcu compatible")
  c3c46b2a5bdb ("dt-bindings: nvmem: rockchip,otp: Add compatible for RK3528")
  c693038ce48b ("dt-bindings: nvmem: qfprom: Add Kaanapali compatible")
  e482a8d8a0b4 ("nvmem: rockchip-otp: Add support for RK3562")
$ git merge -m Merge branch 'for-next' of https://git.kernel.org/pub/scm/linux/kernel/git/srini/nvmem.git nvmem/for-next
Merge made by the 'ort' strategy.
Merging hyperv/hyperv-next (5170a82e8921 x86/hyperv: Skip LP/VP creation on kexec)
$ git merge -m Merge branch 'hyperv-next' of https://git.kernel.org/pub/scm/linux/kernel/git/hyperv/linux.git hyperv/hyperv-next
Already up to date.
Merging auxdisplay/for-next (254f49634ee1 Linux 7.1-rc1)
$ git merge -m Merge branch 'for-next' of https://git.kernel.org/pub/scm/linux/kernel/git/andy/linux-auxdisplay.git auxdisplay/for-next
Already up to date.
Merging kgdb/kgdb/for-next (fdbdd0ccb30a kdb: remove redundant check for scancode 0xe0)
$ git merge -m Merge branch 'kgdb/for-next' of https://git.kernel.org/pub/scm/linux/kernel/git/danielt/linux.git kgdb/kgdb/for-next
Already up to date.
Merging hmm/hmm (19272b37aa4f Linux 6.16-rc1)
$ git merge -m Merge branch 'hmm' of https://git.kernel.org/pub/scm/linux/kernel/git/rdma/rdma.git hmm/hmm
Already up to date.
Merging cfi/cfi/next (254f49634ee1 Linux 7.1-rc1)
$ git merge -m Merge branch 'cfi/next' of https://git.kernel.org/pub/scm/linux/kernel/git/mtd/linux.git cfi/cfi/next
Already up to date.
Merging mhi/mhi-next (ac12b852b4ea bus: mhi: host: pci_generic: Add Telit FE912C04 modem support)
$ git merge -m Merge branch 'mhi-next' of https://git.kernel.org/pub/scm/linux/kernel/git/mani/mhi.git mhi/mhi-next
Already up to date.
Merging memblock/for-next (d5759519805c x86/alternative: delay freeing of smp_locks section)
$ git merge -m Merge branch 'for-next' of https://git.kernel.org/pub/scm/linux/kernel/git/rppt/memblock.git memblock/for-next
Already up to date.
Merging cxl/next (6c724ce0ec6e Merge branch 'for-7.1/cxl-misc' into cxl-for-next)
$ git merge -m Merge branch 'next' of https://git.kernel.org/pub/scm/linux/kernel/git/cxl/cxl.git cxl/next
Already up to date.
Merging zstd/zstd-next (65d1f5507ed2 zstd: Import upstream v1.5.7)
$ git merge -m Merge branch 'zstd-next' of https://github.com/terrelln/linux.git zstd/zstd-next
Already up to date.
Merging efi/next (48a428215782 efi/capsule-loader: fix incorrect sizeof in phys array reallocation)
$ git merge -m Merge branch 'next' of https://git.kernel.org/pub/scm/linux/kernel/git/efi/efi.git efi/next
Already up to date.
Merging unicode/for-next (bcfee135d584 utf8: Remove unused utf8_normalize)
$ git merge -m Merge branch 'for-next' of https://git.kernel.org/pub/scm/linux/kernel/git/krisman/unicode.git unicode/for-next
Auto-merging fs/unicode/utf8-core.c
Merge made by the 'ort' strategy.
 fs/unicode/utf8-core.c  | 22 ----------------------
 include/linux/unicode.h |  3 ---
 2 files changed, 25 deletions(-)
Merging slab/slab/for-next (298cdbf5f7c9 mm, slab: add an optimistic __slab_try_return_freelist())
$ git merge -m Merge branch 'slab/for-next' of https://git.kernel.org/pub/scm/linux/kernel/git/vbabka/slab.git slab/slab/for-next
Auto-merging mm/slub.c
Merge made by the 'ort' strategy.
 mm/slub.c | 355 +++++++++++++++++++++++++++++++++++---------------------------
 1 file changed, 202 insertions(+), 153 deletions(-)
Merging random/master (bb9ff576fdff virt: vmgenid: remap memory as decrypted)
$ git merge -m Merge branch 'master' of https://git.kernel.org/pub/scm/linux/kernel/git/crng/random.git random/master
Merge made by the 'ort' strategy.
 drivers/virt/vmgenid.c | 3 ++-
 1 file changed, 2 insertions(+), 1 deletion(-)
Merging landlock/next (3457a5ccacd3 landlock: Document fallocate(2) as another truncation corner case)
$ git merge -m Merge branch 'next' of https://git.kernel.org/pub/scm/linux/kernel/git/mic/linux.git landlock/next
Already up to date.
Merging sysctl/sysctl-next (f63a9df7e3f9 sysctl: fix uninitialized variable in proc_do_large_bitmap)
$ git merge -m Merge branch 'sysctl-next' of https://git.kernel.org/pub/scm/linux/kernel/git/sysctl/sysctl.git sysctl/sysctl-next
Already up to date.
Merging execve/for-next/execve (9bf092c97b86 sched: update task_struct->comm comment)
$ git merge -m Merge branch 'for-next/execve' of https://git.kernel.org/pub/scm/linux/kernel/git/kees/linux.git execve/for-next/execve
Already up to date.
Merging bitmap/bitmap-for-next (f3dbd4691712 ptp: switch to using FIELD_GET_SIGNED())
$ git merge -m Merge branch 'bitmap-for-next' of https://github.com/norov/linux.git bitmap/bitmap-for-next
Auto-merging drivers/iio/pressure/bmp280-core.c
Merge made by the 'ort' strategy.
 arch/x86/include/asm/extable_fixup_types.h           | 13 ++++---------
 arch/x86/mm/extable.c                                |  2 +-
 drivers/iio/adc/intel_dc_ti_adc.c                    |  4 ++--
 drivers/iio/magnetometer/yamaha-yas530.c             | 12 ++++++------
 drivers/iio/pressure/bmp280-core.c                   |  2 +-
 drivers/iio/temperature/mcp9600.c                    |  2 +-
 drivers/net/wireless/realtek/rtw89/rtw8852a_rfk.c    |  4 ++--
 drivers/net/wireless/realtek/rtw89/rtw8852b_common.c |  4 ++--
 drivers/net/wireless/realtek/rtw89/rtw8852b_rfk.c    |  4 ++--
 drivers/net/wireless/realtek/rtw89/rtw8852c.c        |  4 ++--
 drivers/ptp/ptp_fc3.c                                |  4 ++--
 drivers/rtc/rtc-rv3032.c                             |  2 +-
 include/linux/bitfield.h                             | 16 ++++++++++++++++
 13 files changed, 42 insertions(+), 31 deletions(-)
Merging hte/for-next (005b25ad1171 hte: tegra194: Add Tegra264 GTE support)
$ git merge -m Merge branch 'for-next' of https://git.kernel.org/pub/scm/linux/kernel/git/pateldipen1984/linux.git hte/for-next
Already up to date.
Merging kspp/for-next/kspp (e0142e0de50a Merge branch 'for-next/hardening' into for-next/kspp)
$ git merge -m Merge branch 'for-next/kspp' of https://git.kernel.org/pub/scm/linux/kernel/git/kees/linux.git kspp/for-next/kspp
Merge made by the 'ort' strategy.
Merging nolibc/for-next (bb2d82d41894 Merge tag 'v7.1-rc2' into nolibc/for-next)
$ git merge -m Merge branch 'for-next' of https://git.kernel.org/pub/scm/linux/kernel/git/nolibc/linux-nolibc.git nolibc/for-next
Merge made by the 'ort' strategy.
 tools/include/nolibc/Makefile                  |   4 +-
 tools/include/nolibc/alloca.h                  |  15 ++
 tools/include/nolibc/arch-arm.h                |   2 +-
 tools/include/nolibc/arch-arm64.h              |   2 +-
 tools/include/nolibc/arch-loongarch.h          |   2 +-
 tools/include/nolibc/arch-m68k.h               |   2 +-
 tools/include/nolibc/arch-mips.h               |  96 +++++++------
 tools/include/nolibc/arch-openrisc.h           | 160 +++++++++++++++++++++
 tools/include/nolibc/arch-parisc.h             | 185 +++++++++++++++++++++++++
 tools/include/nolibc/arch-powerpc.h            |   8 +-
 tools/include/nolibc/arch-riscv.h              |   2 +-
 tools/include/nolibc/arch-s390.h               |   2 +-
 tools/include/nolibc/arch-sh.h                 |   2 +-
 tools/include/nolibc/arch-sparc.h              |   2 +-
 tools/include/nolibc/arch-x86.h                |  74 +++++-----
 tools/include/nolibc/arch.h                    |   4 +
 tools/include/nolibc/assert.h                  |  36 +++++
 tools/include/nolibc/compiler.h                |   4 +-
 tools/include/nolibc/crt.h                     |   8 +-
 tools/include/nolibc/fcntl.h                   |  14 ++
 tools/include/nolibc/nolibc.h                  |   2 +
 tools/include/nolibc/stackprotector.h          |   2 +-
 tools/include/nolibc/sys.h                     |  32 ++++-
 tools/include/nolibc/sys/mman.h                |   6 +-
 tools/testing/selftests/nolibc/Makefile.nolibc |  50 ++-----
 tools/testing/selftests/nolibc/nolibc-test.c   |  95 ++++++++++++-
 tools/testing/selftests/nolibc/run-tests.sh    |  10 +-
 27 files changed, 668 insertions(+), 153 deletions(-)
 create mode 100644 tools/include/nolibc/alloca.h
 create mode 100644 tools/include/nolibc/arch-openrisc.h
 create mode 100644 tools/include/nolibc/arch-parisc.h
 create mode 100644 tools/include/nolibc/assert.h
Merging iommufd/for-next (254f49634ee1 Linux 7.1-rc1)
$ git merge -m Merge branch 'for-next' of https://git.kernel.org/pub/scm/linux/kernel/git/jgg/iommufd.git iommufd/for-next
Already up to date.
Merging turbostat/next (4ea6e400143a tools/power turbostat: Cleanup: consistently use warn/err, not perror)
$ git merge -m Merge branch 'next' of https://git.kernel.org/pub/scm/linux/kernel/git/lenb/linux.git turbostat/next
Merge made by the 'ort' strategy.
 tools/power/x86/turbostat/turbostat.8 |   2 +-
 tools/power/x86/turbostat/turbostat.c | 304 +++++++++++++++++++---------------
 2 files changed, 170 insertions(+), 136 deletions(-)
Merging pwrseq/pwrseq/for-next (254f49634ee1 Linux 7.1-rc1)
$ git merge -m Merge branch 'pwrseq/for-next' of https://git.kernel.org/pub/scm/linux/kernel/git/brgl/linux.git pwrseq/pwrseq/for-next
Already up to date.
Merging capabilities-next/caps-next (071588136007 ipc: don't audit capability check in ipc_permissions())
$ git merge -m Merge branch 'caps-next' of https://git.kernel.org/pub/scm/linux/kernel/git/sergeh/linux.git capabilities-next/caps-next
Already up to date.
Merging ipe/next (028ef9c96e96 Linux 7.0)
$ git merge -m Merge branch 'next' of https://git.kernel.org/pub/scm/linux/kernel/git/wufan/ipe.git ipe/next
Already up to date.
Merging kcsan/next (07a1a6562ce2 kcsan: Silence -Wmaybe-uninitialized when calling __kcsan_check_access())
$ git merge -m Merge branch 'next' of https://git.kernel.org/pub/scm/linux/kernel/git/melver/linux.git kcsan/next
Merge made by the 'ort' strategy.
 include/linux/kcsan-checks.h | 6 +++---
 1 file changed, 3 insertions(+), 3 deletions(-)
Merging crc/crc-next (254f49634ee1 Linux 7.1-rc1)
$ git merge -m Merge branch 'crc-next' of https://git.kernel.org/pub/scm/linux/kernel/git/ebiggers/linux.git crc/crc-next
Already up to date.
Merging keys-next/keys-next (965e9a2cf23b pkcs7: Change a pr_warn() to pr_warn_once())
$ git merge -m Merge branch 'keys-next' of https://git.kernel.org/pub/scm/linux/kernel/git/dhowells/linux-fs.git keys-next/keys-next
Already up to date.
Merging fwctl/for-next (254f49634ee1 Linux 7.1-rc1)
$ git merge -m Merge branch 'for-next' of https://git.kernel.org/pub/scm/linux/kernel/git/fwctl/fwctl.git fwctl/for-next
Already up to date.
Merging devsec-tsm/next (3177779ae17d virt: coco: change tsm_class to a const struct)
$ git merge -m Merge branch 'next' of https://git.kernel.org/pub/scm/linux/kernel/git/devsec/tsm.git devsec-tsm/next
Already up to date.
Merging hisilicon/for-next (b419e155e31d Merge branch 'next/dt64' into for-next)
$ git merge -m Merge branch 'for-next' of https://github.com/hisilicon/linux-hisi.git hisilicon/for-next
Merge made by the 'ort' strategy.
Merging kthread/for-next (fa39ec4f89f2 doc: Add housekeeping documentation)
$ git merge -m Merge branch 'for-next' of https://git.kernel.org/pub/scm/linux/kernel/git/frederic/linux-dynticks.git kthread/for-next
Already up to date.
Merging nfc/for-next (ff868675280c Merge patch series "nfc: llcp: Fix use-after-free in llcp_sock_release()")
  006b9943b982 ("Bluetooth: btmtk: validate WMT event SKB length before struct access")
  00fa061080e3 ("mm/mglru: relocate the LRU scan batch limit to callers")
  0105c3e2a97e ("Bluetooth: btusb: Add Mercusys MA530 for Realtek RTL8761BUV")
  02f265a2e996 ("selftests/acct: add taskstats TGID retention test")
  03fcda2a453a ("x86/extable: switch to using FIELD_GET_SIGNED()")
  041f524fb455 ("Bluetooth: virtio_bt: clamp rx length before skb_put")
  0436ebef95ff ("LoongArch: KVM: Fix HW timer interrupt lost when inject interrupt by software")
  055912055064 ("sunrpc: rename cache_pipe_upcall() to cache_do_upcall()")
  0612af53be77 ("clk: scmi: Use new simplified per-clock rate properties")
  0705ff025d5a ("sunrpc: rename sunrpc_cache_pipe_upcall() to sunrpc_cache_upcall()")
  070e8d6f4d45 ("mm/damon: fix damos_stat tracepoint format for sz_applied")
  0827726d4a45 ("Bluetooth: l2cap: fix MPS check in l2cap_ecred_reconf_req")
  08900859eb6b ("mm/mglru: use a smaller batch for reclaim")
  0a2a383d2d44 ("dm vdo: use get_random_u32() where appropriate")
  0c7d2e9070e6 ("sunrpc: add a generic netlink family for cache upcalls")
  0cbf9408fe30 ("Bluetooth: btusb: Add Realtek RTL8922AE VID/PID 0bda/d922")
  0f212586b3dc ("seq_buf: export seq_buf_putmem_hex() and add KUnit tests")
  112ba5f94938 ("mm/mglru: scan and count the exact number of folios")
  147294dcdd22 ("riscv: export symbols needed for riscv32 EFI stub")
  14e39bfb241a ("mm/gup: honour FOLL_PIN in NOMMU __get_user_pages_locked()")
  15f501c90ca3 ("mm/damon/sysfs-schemes: call missing mem_cgroup_iter_break()")
  162005ae0ade ("LoongArch: Specify -m32/-m64 explicitly for 32BIT/64BIT")
  17ea2a7e1393 ("sched: add need-resched timed wait interface")
  1a98b4e6043b ("ptp: switch to using FIELD_GET_SIGNED()")
  1c348bd1cb1f ("gcov: use atomic counter updates to fix concurrent access crashes")
  20ca2749b31a ("Bluetooth: ISO: Fix data-race on dst in iso_sock_connect()")
  2224e5bc2d9a ("mm/mglru: remove redundant swap constrained check upon isolation")
  24793487a3dc ("init.h: discard exitcall symbols early")
  259c0a6e10fb ("Bluetooth: hci_uart: Fix NULL deref in recv callbacks when priv is uninitialized")
  2940edce391d ("Bluetooth: RFCOMM: pull credit byte with skb_pull_data()")
  2a0e068c4382 ("scripts/gdb: mm: cast untyped symbols in x86_page_ops")
  2a5389495cc7 ("sunrpc: add netlink upcall for the auth.unix.ip cache")
  2b929d1c0cfa ("tools/power turbostat: Cleanup: Use one cpu_setsize for all purposes")
  2d2f0acf3d43 ("tools/power turbostat: Fix handing of mulitple --cpu on cmdline")
  2e149638e8ab ("bpf/rqspinlock: use smp_cond_load_acquire_timeout()")
  3061a8fae78d ("device-dax: fix refcount leak in __devm_create_dev_dax() error path")
  31c9a6e220b5 ("sunrpc: skip svc_xprt_enqueue when transport is busy")
  33ad41d97425 ("arm64: barrier: support smp_cond_load_relaxed_timeout()")
  33c0797018e4 ("sunrpc: add netlink upcall for the auth.unix.gid cache")
  3573a19154b5 ("mm/mglru: restructure the reclaim loop")
  35e13b6abe0e ("smb: smbdirect: fix MR registration for coalesced SG lists")
  3640b88f04bb ("clk: scmi: Use new determine_rate clock operation")
  37613c026a7d ("vmalloc: optimize vfree with free_pages_bulk()")
  39f64268b731 ("checkpatch: allow passing config directory")
  3a790e40cc58 ("iio: intel_dc_ti_adc: switch to using FIELD_GET_SIGNED()")
  3ce00dbdebf3 ("lib: split codetag_lock_module_list()")
  3f601147a374 ("lib/base64: validate before writing in decode tail path")
  4031d020589e ("sunrpc: add SUNRPC_CMD_CACHE_FLUSH netlink command")
  403666272b9d ("lib: kunit_iov_iter: fix test fail on powerpc")
  4383a0c93102 ("get_maintainer: add --json output mode")
  4396f97618c5 ("checkpatch: add option to not force /* */ for SPDX")
  44cd2570768f ("mm/mglru: avoid reclaim type fall back when isolation makes no progress")
  47f343bfc7b1 ("lib: add more string to 64-bit integer conversion overflow tests")
  4925668bfe0b ("mm: convert vmemmap_p?d_populate() to static functions")
  4adec1b84ae4 ("LoongArch: KVM: Move unconditional delay into timer clear scenery")
  4ccc9d270c61 ("Bluetooth: L2CAP: Fix null-ptr-deref in l2cap_sock_get_sndtimeo_cb()")
  4d5c7a23d2b7 ("mm/memory_hotplug: fix memory block reference leak on remove")
  4de057c4fd1e ("NFSD: Fix delegation reference leak in nfsd4_revoke_states")
  4ecee6245e78 ("firmware: arm_scmi: imx: Support getting reset reason of MISC protocol")
  4fb4ce024d06 ("KEYS: trusted: Debugging as a feature")
  50d83ec5ff07 ("mm/page_alloc: fix initialization of tags of the huge zero folio with init_on_free")
  516a3ab44299 ("Bluetooth: btusb: Add Realtek RTL8922AE VID/PID 0bda/d923")
  526164b2089e ("lib: fix memparse() to handle overflow")
  54ca8110a5d1 ("drivers/base/memory: fix memory block reference leak in poison accounting")
  58b20efa353b ("bpf/rqspinlock: switch check_timeout() to a clock interface")
  59ab92eb108a ("rust: uaccess: use INLINE_COPY_TO_USER to guard copy_to_user()")
  5ad1df0734e7 ("firmware: arm_scmi: Simplify clock rates exposed interface")
  5cc5b33c0fc9 ("lib/tests: string_helpers: don't use "proxy" headers")
  5ceb27278a4d ("tools/power turbostat: Cleanup: Remove hard-coded 8192 CPU limit")
  5d6aa2ddbd40 ("firmware: arm_scmi: quirk: Simplify quirk table iteration")
  5f10f5fc9b7b ("asm-generic: barrier: add smp_cond_load_relaxed_timeout()")
  653f0d9ea67d ("nfc: llcp: Fix use-after-free race in nfc_llcp_recv_cc()")
  66d4d518020b ("Bluetooth: ISO: Fix data-race on iso_pi(sk) in socket and HCI event paths")
  68c6ea30f9db ("iio: pressure: bmp280: switch to using FIELD_GET_SIGNED()")
  6ac890e479b6 ("LoongArch: KVM: Cap KVM_CAP_NR_VCPUS by KVM_CAP_MAX_VCPUS")
  6b05bdc7cc1a ("mm/page_alloc: replace kernel_init_pages() with batch page clearing")
  6c20edfd875a ("selftests/mm: respect build verbosity settings for 32/64-bit targets")
  6c3b6ee2cb0f ("kernel/fork: validate exit_signal in kernel_clone()")
  6cb2ac094722 ("mm/mglru: don't abort scan immediately right after aging")
  70243f634f52 ("kselftest/filelock: use ksft_perror()")
  711983e1611b ("selftests/mm: run_vmtests.sh: fix destructive tests invocation")
  715cad8753a6 ("tools/power turbostat: Rename cpu_subset to cpuset_cmdline")
  73357fb07e59 ("Bluetooth: L2CAP: Fix null-ptr-deref in l2cap_sock_new_connection_cb()")
  73760e63ab77 ("tools/power turbostat: Cleanup: Remove useless assert()")
  752a5bd48784 ("LoongArch: vDSO: Drop custom __arch_vdso_hres_capable()")
  754cc248513a ("mm/vmscan: remove sc->file_taken")
  76f6e7c15cd9 ("proc: rewrite next_tgid()")
  771a0416d4ee ("nfsd: move struct nfsd_genl_rqstp to nfsctl.c")
  7b1564d8a7bf ("Bluetooth: btusb: MT7925: Add VID/PID 0e8d/8c38")
  7edc045598a6 ("LoongArch: Make CONFIG_64BIT as the default option")
  7ee562602aae ("sunrpc: skip svc_xprt_enqueue when no work is pending")
  7f2c237d6085 ("mm/vmscan: remove sc->unqueued_dirty")
  7fffd1b157fe ("LoongArch: Fix SYM_SIGFUNC_START definition for 32BIT")
  8155652f0038 ("arm64/delay: move some constants out to a separate header")
  83467b8c1f92 ("scripts/gdb: slab: update field names of struct kmem_cache")
  87151e363b7e ("Bluetooth: 6lowpan: fix cyclic locking warning on netdev unregister")
  880e2b898da7 ("LoongArch: Use per-root-bridge PCIH flag to skip mem resource fixup")
  8835f5fa1b05 ("tools/power turbostat: Cleanup: Delete unused flags")
  88a0d022b5a1 ("treewide: fix indentation and whitespace in Kconfig files")
  88ca94c88496 ("mm/swap: remove redundant swap device reference in alloc/free")
  8e554d349174 ("sunrpc: add a cache_notify callback")
  8e9eb7349a0e ("asm-generic: barrier: add smp_cond_load_acquire_timeout()")
  90d5e021748c ("kunit: fat: test cluster and directory i_pos layout helpers")
  911260ee4a19 ("lib/base64: fix copy-pasted @padding doc in base64_decode()")
  9376e55ab872 ("Revert "tmpfs: don't enable large folios if not supported"")
  9480ee817599 ("iio: mcp9600: switch to using FIELD_GET_SIGNED()")
  95989fd8a3c4 ("uaccess: unify inline vs outline copy_{from,to}_user() selection")
  95e5540ac583 ("clang-format: fix formatting of guard() and scoped_guard() statements")
  98260b8fd8fd ("LoongArch: KVM: Move AVEC interrupt injection into switch loop")
  98ee6e7f8c13 ("mm/swap, PM: hibernate: fix swapoff race in uswsusp by pinning swap device")
  98f10cdb1018 ("mm/memory: update stale locking comments for fault handlers")
  9962d47b1afe ("atomic: add atomic_cond_read_*_timeout()")
  997c3c62335d ("ksmbd: close durable scavenger races against m_fp_list lookups")
  9d423122c733 ("kselftest/filelock: add a .gitignore file")
  9df995bcf155 ("LoongArch: KVM: Fix "unreliable stack" for kvm_exc_entry")
  9ed98bea2b16 ("ksmbd: centralize ksmbd_conn final release to plug transport leak")
  9f9fd617f641 ("mm/vmscan: add balance_pgdat begin/end tracepoints")
  a061b554c34c ("smb: smbdirect: make use of DEFAULT_SYMBOL_NAMESPACE and EXPORT_SYMBOL_GPL")
  a09aece8023c ("lib/tests: string_helpers: decouple unescape and escape cases")
  a10b227b672a ("firmware: arm_scmi: Add bound iterators support")
  a58120091da4 ("lib: fix _parse_integer_limit() to handle overflow")
  a60fafb3f689 ("NFSD: Update my maintainer email addresses")
  a7942fe127f6 ("firmware: arm_scmi: Fix bound iterators returning too many items")
  a7d383b0ca80 ("smb: smbdirect: introduce and use include/linux/smbdirect.h")
  aa2b70ae88a2 ("sunrpc: rename sunrpc_cache_pipe_upcall_timeout()")
  ab48e9f4dca8 ("tools/power turbostat: Cleanup: Delete duplicate table entry")
  ad02d4818f34 ("parisc: Fix build failure for 32-bit kernel with PA2.0 instruction set")
  aec7c6c85a9a ("arm64: rqspinlock: remove private copy of smp_cond_load_acquire_timewait()")
  af1db05b7163 ("LoongArch: KVM: Fix missing EMULATE_FAIL in kvm_emu_mmio_read()")
  b15b4f34a1c0 ("wifi: rtw89: switch to using FIELD_GET_SIGNED()")
  b1923b2adb52 ("mm/mglru: remove no longer used reclaim argument for folio protection")
  b36ae7947d3b ("locking/atomic: scripts: build atomic_long_cond_read_*_timeout()")
  b4d2cdd8338c ("LoongArch: KVM: Compile switch.S directly into the kernel")
  b57b0f27cb05 ("Bluetooth: btmtk: add event filter to filter specific event")
  b73405dfe0b6 ("mm/mglru: use the common routine for dirty/writeback reactivation")
  b7b901ae88ca ("firmware: arm_scmi: Add clock determine_rate operation")
  ba190ace7cd9 ("tools/power turbostat: Rename: Differntiate counter and CPU sets")
  bb0889a39b80 ("mm/page_alloc: optimize free_contig_range()")
  bb4fee8946c8 ("mm-page_alloc-fix-initialization-of-tags-of-the-huge-zero-folio-with-init_on_free-fix")
  bc36c43ad225 ("firmware: arm_scmi: Convert to list_for_each_entry()")
  bc77c6de6c42 ("soc: xilinx: Fix race condition in event registration")
  bdf31af23708 ("config: stmark2: defconfig updates")
  be6969419b60 ("checkpatch: add check for function pointer arrays in declarations")
  c093135c0ffc ("nfsd: add NFSD_CMD_CACHE_FLUSH netlink command")
  c364ac576f48 ("firmware: arm_scmi: Drop unused clock rate interfaces")
  c52fe74bd851 ("proc: use strnlen() for name validation in __proc_create")
  c54299f98710 ("kselftest/filelock: report each test in oftlocks separately")
  c658c101160d ("LoongArch: Fix potential ADE in loongson_gpu_fixup_dma_hang()")
  c7b402a43139 ("mm/migrate_device: fix spinlock leak in migrate_vma_insert_huge_pmd_page")
  c7c8a19ae029 ("iio: magnetometer: yas530: switch to using FIELD_GET_SIGNED()")
  c94727deb107 ("m68k: update boards company name")
  c9766e13edca ("ocfs2: use kzalloc for quota recovery bitmap allocation")
  cb575766c0a1 ("firmware: arm_scmi: Harden clock parents discovery")
  cc2a813c285c ("rtc: rv3032: switch to using FIELD_GET_SIGNED()")
  cedde19dce74 ("taskstats: retain dead thread stats in TGID queries")
  d2d53899afc7 ("proc: add tgid_iter.pid_ns member")
  d459bb51ca70 ("lib/idr: fix ida_find_first_range() missing IDs across chunk boundaries")
  d4f06b4d5c21 ("mm/gup: cleanup pgtable entry accessors")
  d55d107b6fa6 ("Bluetooth: hci_conn: fix potential UAF in create_big_sync")
  d5ed2e0226a3 ("mm/huge_memory: fix outdated comment about freeing subpages in __folio_split")
  d677b827eea1 ("Bluetooth: virtio_bt: validate rx pkt_type header length")
  d711f4febdbe ("firmware: imx: sm-misc: Print boot/shutdown reasons")
  d836c26780b2 ("uaccess: minimize INLINE_COPY_USER-related ifdefery")
  d87bd74aeb54 ("Bluetooth: SCO: fix sleeping under spinlock in sco_conn_ready")
  d8a65fce9de4 ("Bluetooth: btintel_pcie: Support Product level reset")
  d8b75f127ac0 ("lib/cmdline_kunit: add test case for memparse()")
  d951d80a45e9 ("ksmbd: harden file lifetime during session teardown")
  dae368f31590 ("bitfield: add FIELD_GET_SIGNED()")
  db1d76c141ca ("proc-rewrite-next_tgid-fix")
  dbcf6151ff1e ("Bluetooth: btintel_pcie: treat boot stage bit 12 as warning")
  ddd1b046c20d ("mm/mglru: simplify and improve dirty writeback handling")
  de3572c8e793 ("lib/tests: extend cmdline KUnit with next_arg() tests")
  de97c6b185d3 ("firmware: arm_scmi: Use bound iterators to minimize discovered rates")
  dee88e09d7c8 ("sunrpc: add helpers to count and snapshot pending cache requests")
  df09356bc32f ("mm/mglru: rename variables related to aging and rotation")
  df8e371466e6 ("kunit: enable testing smp_cond_load_relaxed_timeout()")
  e118d2e5ff65 ("nfsd: add netlink upcall for the nfsd.fh cache")
  e18db9ba4af6 ("mm/hugetlb: restore reservation on error in hugetlb_mfill_atomic_pte() resubmission path")
  e1dc8af96bc4 ("m68k: coldfire: select legacy gpiolib interface for mcfqspi")
  e2535bafc63a ("Bluetooth: bnep: fix incorrect length parsing in bnep_rx_frame() extension handling")
  e294087f9d1b ("nfsd: add netlink upcall for the svc_export cache")
  e3d64881e193 ("KEYS: encrypted: Remove unnecessary selection of CRYPTO_RNG")
  e646bfd0f1a0 ("Bluetooth: btusb: MT7922: Add VID/PID 0e8d/223c")
  e9479e35f8a2 ("LoongArch: KVM: Use kvm_set_pte() in kvm_flush_pte()")
  e95f060809df ("Bluetooth: L2CAP: Fix null-ptr-deref in l2cap_sock_state_change_cb()")
  e9e21707f4fa ("kunit: add tests for smp_cond_load_relaxed_timeout()")
  ea2d352a2d66 ("mm/mglru: consolidate common code for retrieving evictable size")
  ec2e7065a6f9 ("nfc: llcp: Fix use-after-free in llcp_sock_release()")
  ecf0d1600550 ("firmware: arm_scmi: Refactor iterators internal allocation")
  edacbf64eedd ("soc: xilinx: Shutdown and free rx mailbox channel")
  f44763f1668f ("NFSD: Put cache get-reqs dump attrs under reply")
  f47297d37cb4 ("mm/vmscan: unify writeback reclaim statistic and throttling")
  f64d47d27a8f ("Bluetooth: hci_event: Fix OOB read and infinite loop in hci_le_create_big_complete_evt")
  f6ad6be63d36 ("sunrpc: skip svc_xprt_enqueue in svc_xprt_received when idle")
  f83347fce3e8 ("tools/accounting/getdelays: fix -Wformat-truncation warning in format_timespec")
  f951f40d1e26 ("mm/page_alloc: optimize __free_contig_frozen_range()")
  fa7a2842af06 ("Bluetooth: SCO: hold sk properly in sco_conn_ready")
  fa98d126ffcd ("arm64: support WFET in smp_cond_load_relaxed_timeout()")
  fb713dd232c9 ("selftests/mm: suppress compiler error in liburing check")
  fbdfe80ecba1 ("clk: scmi: Fix clock rate rounding")
  fc94c367cfbd ("lib/cmdline: adjust a few comments to fix kernel-doc -Wreturn warnings")
  fe109c3e5904 ("cpuidle/poll_state: wait for need-resched via tif_need_resched_relaxed_wait()")
  fe2f86092c6c ("Bluetooth: l2cap: defer conn param update to avoid conn->lock/hdev->lock inversion")
$ git merge -m Merge branch 'for-next' of https://codeberg.org/linux-nfc/linux.git nfc/for-next
Auto-merging Documentation/admin-guide/kernel-parameters.txt
Auto-merging MAINTAINERS
Auto-merging Makefile
Auto-merging arch/m68k/coldfire/stmark2.c
Auto-merging drivers/base/memory.c
CONFLICT (content): Merge conflict in drivers/base/memory.c
Auto-merging drivers/block/loop.c
Auto-merging drivers/bluetooth/Kconfig
Auto-merging drivers/firmware/arm_scmi/clock.c
CONFLICT (content): Merge conflict in drivers/firmware/arm_scmi/clock.c
Auto-merging drivers/firmware/arm_scmi/quirks.c
Auto-merging drivers/gpu/drm/i915/display/skl_watermark.c
Auto-merging fs/smb/server/connection.c
CONFLICT (content): Merge conflict in fs/smb/server/connection.c
Auto-merging include/linux/gfp_types.h
Auto-merging include/linux/mm.h
Auto-merging kernel/fork.c
Auto-merging lib/Kconfig
Auto-merging mm/Kconfig
Auto-merging mm/damon/sysfs-schemes.c
Auto-merging mm/huge_memory.c
Auto-merging mm/hugetlb.c
Auto-merging mm/khugepaged.c
Auto-merging mm/memcontrol.c
Auto-merging mm/memory.c
Auto-merging mm/memory_hotplug.c
Auto-merging mm/migrate_device.c
Auto-merging mm/page_alloc.c
Auto-merging mm/slub.c
CONFLICT (content): Merge conflict in mm/slub.c
Auto-merging mm/sparse-vmemmap.c
Auto-merging mm/vmalloc.c
Auto-merging mm/vmscan.c
Auto-merging net/bluetooth/hci_event.c
Auto-merging security/selinux/hooks.c
Auto-merging tools/power/x86/turbostat/turbostat.c
CONFLICT (content): Merge conflict in tools/power/x86/turbostat/turbostat.c
Auto-merging tools/testing/selftests/mm/run_vmtests.sh
Recorded preimage for 'drivers/base/memory.c'
Recorded preimage for 'drivers/firmware/arm_scmi/clock.c'
Recorded preimage for 'fs/smb/server/connection.c'
Recorded preimage for 'mm/slub.c'
Recorded preimage for 'tools/power/x86/turbostat/turbostat.c'
Automatic merge failed; fix conflicts and then commit the result.
Merging nfc/for-next (ff868675280c Merge patch series "nfc: llcp: Fix use-after-free in llcp_sock_release()")
$ git merge -m Merge branch 'for-next' of https://codeberg.org/linux-nfc/linux.git nfc/for-next
Auto-merging Documentation/admin-guide/kernel-parameters.txt
Auto-merging MAINTAINERS
Auto-merging Makefile
Auto-merging arch/m68k/coldfire/stmark2.c
Auto-merging drivers/base/memory.c
CONFLICT (content): Merge conflict in drivers/base/memory.c
Auto-merging drivers/block/loop.c
Auto-merging drivers/bluetooth/Kconfig
Auto-merging drivers/firmware/arm_scmi/clock.c
CONFLICT (content): Merge conflict in drivers/firmware/arm_scmi/clock.c
Auto-merging drivers/firmware/arm_scmi/quirks.c
Auto-merging drivers/gpu/drm/i915/display/skl_watermark.c
Auto-merging fs/smb/server/connection.c
CONFLICT (content): Merge conflict in fs/smb/server/connection.c
Auto-merging include/linux/gfp_types.h
Auto-merging include/linux/mm.h
Auto-merging kernel/fork.c
Auto-merging lib/Kconfig
Auto-merging mm/Kconfig
Auto-merging mm/damon/sysfs-schemes.c
Auto-merging mm/huge_memory.c
Auto-merging mm/hugetlb.c
Auto-merging mm/khugepaged.c
Auto-merging mm/memcontrol.c
Auto-merging mm/memory.c
Auto-merging mm/memory_hotplug.c
Auto-merging mm/migrate_device.c
Auto-merging mm/page_alloc.c
Auto-merging mm/slub.c
CONFLICT (content): Merge conflict in mm/slub.c
Auto-merging mm/sparse-vmemmap.c
Auto-merging mm/vmalloc.c
Auto-merging mm/vmscan.c
Auto-merging net/bluetooth/hci_event.c
Auto-merging security/selinux/hooks.c
Auto-merging tools/power/x86/turbostat/turbostat.c
CONFLICT (content): Merge conflict in tools/power/x86/turbostat/turbostat.c
Auto-merging tools/testing/selftests/mm/run_vmtests.sh
Recorded preimage for 'drivers/base/memory.c'
Recorded preimage for 'drivers/firmware/arm_scmi/clock.c'
Recorded preimage for 'fs/smb/server/connection.c'
Recorded preimage for 'mm/slub.c'
Recorded preimage for 'tools/power/x86/turbostat/turbostat.c'
Automatic merge failed; fix conflicts and then commit the result.
Merging nfc/for-next (ff868675280c Merge patch series "nfc: llcp: Fix use-after-free in llcp_sock_release()")
$ git merge -m Merge branch 'for-next' of https://codeberg.org/linux-nfc/linux.git nfc/for-next
Auto-merging Documentation/admin-guide/kernel-parameters.txt
Auto-merging MAINTAINERS
Auto-merging Makefile
Auto-merging arch/m68k/coldfire/stmark2.c
Auto-merging drivers/base/memory.c
CONFLICT (content): Merge conflict in drivers/base/memory.c
Auto-merging drivers/block/loop.c
Auto-merging drivers/bluetooth/Kconfig
Auto-merging drivers/firmware/arm_scmi/clock.c
CONFLICT (content): Merge conflict in drivers/firmware/arm_scmi/clock.c
Auto-merging drivers/firmware/arm_scmi/quirks.c
Auto-merging drivers/gpu/drm/i915/display/skl_watermark.c
Auto-merging fs/smb/server/connection.c
CONFLICT (content): Merge conflict in fs/smb/server/connection.c
Auto-merging include/linux/gfp_types.h
Auto-merging include/linux/mm.h
Auto-merging kernel/fork.c
Auto-merging lib/Kconfig
Auto-merging mm/Kconfig
Auto-merging mm/damon/sysfs-schemes.c
Auto-merging mm/huge_memory.c
Auto-merging mm/hugetlb.c
Auto-merging mm/khugepaged.c
Auto-merging mm/memcontrol.c
Auto-merging mm/memory.c
Auto-merging mm/memory_hotplug.c
Auto-merging mm/migrate_device.c
Auto-merging mm/page_alloc.c
Auto-merging mm/slub.c
CONFLICT (content): Merge conflict in mm/slub.c
Auto-merging mm/sparse-vmemmap.c
Auto-merging mm/vmalloc.c
Auto-merging mm/vmscan.c
Auto-merging net/bluetooth/hci_event.c
Auto-merging security/selinux/hooks.c
Auto-merging tools/power/x86/turbostat/turbostat.c
CONFLICT (content): Merge conflict in tools/power/x86/turbostat/turbostat.c
Auto-merging tools/testing/selftests/mm/run_vmtests.sh
Recorded preimage for 'drivers/base/memory.c'
Recorded preimage for 'drivers/firmware/arm_scmi/clock.c'
Recorded preimage for 'fs/smb/server/connection.c'
Recorded preimage for 'mm/slub.c'
Recorded preimage for 'tools/power/x86/turbostat/turbostat.c'
Automatic merge failed; fix conflicts and then commit the result.
$ git commit --no-edit -v -a
On branch master
nothing to commit, working tree clean
$ git diff -M --stat --summary HEAD^..

